"","TE","baseMean","log2FoldChange","lfcSE","pvalue","padj","signif"
"1","B1F1_4_42923666",21.9481348234852,1.02177279188133,0.338914968286665,0.000111234831392327,0.01180191284539,"Up"
"2","B1F1_4_42927421",25.8131249895107,1.13638550444606,0.291282789795204,4.61978288910083e-06,0.00136056392791306,"Up"
"3","B1F_15_81702554",25.6277221405513,0.89714472167197,0.310436861122784,0.000167153627904838,0.0153209945168899,"Up"
"4","B1F_2_11477398",60.9840582863057,-0.575000850413149,0.214623064762,0.000415005762976773,0.0257188494547225,"Down"
"5","B1F_2_30941875",28.9919657922958,0.663686202408842,0.294428208483128,0.00106558186707461,0.0440073063034375,"Up"
"6","B1F_7_113151949",29.1171410446729,0.748630516100307,0.330280430359863,0.00093479026367027,0.0416712334660953,"Up"
"7","B1F_7_33914374",31.2872164045764,0.845771276071347,0.317766405844176,0.000328371200224213,0.0221774007970977,"Up"
"8","B1F_9_26663610",67.6857922874937,0.555803737258903,0.199084044354946,0.000315718592602033,0.0216956959468896,"Up"
"9","B1F_9_74927506",25.3485313520557,0.806063204351554,0.353341539652586,0.000884847138374727,0.0410756559196433,"Up"
"10","B1F_X_102520980",128.135511484874,0.760955486190571,0.152056024680814,3.32670575567404e-08,5.74316744191664e-05,"Up"
"11","B1_Mur1_2_28338690",22.9111252210039,1.03387519079132,0.340594045317218,9.88331138604031e-05,0.0111668986824034,"Up"
"12","B1_Mur1_5_129632280",17.6368601045142,0.987169614263576,0.41313449709459,0.000617148868548756,0.0324681640457535,"Up"
"13","B1_Mur2_12_79128025",81.1273697688291,-0.508499065837541,0.174273584959662,0.000244402448589406,0.018925387883227,"Down"
"14","B1_Mur2_3_157783979",64.1872868421267,0.612489726485507,0.238448160194915,0.000527316955441367,0.0296418452041456,"Up"
"15","B1_Mur3_1_9684219",36.8699231386275,0.640519445940686,0.247411684170185,0.000486784398486819,0.0283012353359731,"Up"
"16","B1_Mur3_4_155866950",64.8158481033596,-0.792399890242461,0.192032334619444,2.10874850422808e-06,0.000901992068534699,"Down"
"17","B1_Mur4_15_76617134",22.5898661645228,0.982332978073478,0.320743449649896,9.78227304456324e-05,0.0111668986824034,"Up"
"18","B1_Mus1_1_97762960",36.9667523886833,0.713049428096037,0.250393690964315,0.000216254354813937,0.0182394811466309,"Up"
"19","B1_Mus1_2_51946076",22.0793436831245,-0.775284984987671,0.34220140728229,0.000958334670579064,0.0417134896963357,"Down"
"20","B1_Mus1_3_34731841",50.6349043375757,-0.704319629912735,0.234637192856111,0.000138532367753309,0.0134526161442606,"Down"
"21","B1_Mus1_4_155867531",58.0410501161662,-1.22034358795999,0.199205147165806,5.02745827218019e-11,4.51591439298586e-07,"Down"
"22","B1_Mus1_5_108271843",51.6623268981752,-0.670245164242272,0.240186776737491,0.00026762876678844,0.0196267741140682,"Down"
"23","B1_Mus2_5_137952976",40.1499428140074,-0.725803794129168,0.235718239666049,0.000110110845424977,0.01180191284539,"Down"
"24","B1_Mus2_5_45669695",51.0028618079974,-0.596656817399336,0.260303960735881,0.0010627997707655,0.0439935435064567,"Down"
"25","B1_Mus2_7_99127488",24.6562406058052,-0.910406645937808,0.29444378010936,9.28599583727301e-05,0.0107627687236522,"Down"
"26","B2_Mm1t_5_145081377",24.2578606973122,-0.823298987268244,0.303953561434391,0.000307306196994497,0.0214815401906854,"Down"
"27","B2_Mm2_11_87015106",26.3574964689768,-0.699643236964376,0.299758447730649,0.000876799346613187,0.0408075136318806,"Down"
"28","B2_Mm2_13_14801820",28.4749018688201,-0.726383976761485,0.314123239721804,0.000900546990842574,0.0411662256755391,"Down"
"29","B2_Mm2_1_132935591",19.0640183216903,0.856374111261714,0.368184251689849,0.000801201013650819,0.0387967013753018,"Up"
"30","B2_Mm2_4_155867100",88.3332501516279,-0.698760763461211,0.188056900213354,1.17088785866103e-05,0.00262937504760568,"Down"
"31","B3A_11_78731313",55.4352939756651,0.522072120122911,0.201902189690347,0.000600361400908039,0.0320996802598599,"Up"
"32","B3A_15_81700374",21.9293268211451,0.854697483420585,0.339416208204437,0.000482167599153619,0.0283012353359731,"Up"
"33","B3A_16_78126926",18.1142379105388,1.34946657773903,0.343677992038947,4.18292076352493e-06,0.00125243619194542,"Up"
"34","B3A_1_165602437",91.9286024440679,-0.501954290426509,0.187249280476503,0.000482677229238542,0.0283012353359731,"Down"
"35","B3A_9_69287933",77.6452010339439,0.537294939618774,0.213091736249708,0.000681399353561657,0.0348756107884193,"Up"
"36","B3_10_29079254",38.3958612570643,0.837554100861384,0.248586519661646,3.80519918708665e-05,0.00569670028300097,"Up"
"37","B3_15_80004694",33.0474301884244,-0.680454641867763,0.298226700873617,0.000973981226414599,0.0418602218481777,"Down"
"38","B3_19_3915084",21.5557570684881,0.908359277238276,0.327239879191665,0.000235312295091214,0.0184883954413823,"Up"
"39","B3_1_3285685",61.4815110564189,0.882560120511081,0.232736955024591,7.37037588577525e-06,0.00186491271532327,"Up"
"40","B3_2_113647358",49.2117083106553,0.583117234886199,0.239859745095454,0.000785052777057196,0.0383246552712841,"Up"
"41","B3_2_167484864",53.0203889001599,-0.648859415722233,0.224545027485638,0.00020855541964577,0.0178223118004705,"Down"
"42","B3_4_155866734",96.1212779420991,-0.866977005017092,0.178577797960384,6.95911247414596e-08,0.00010418371299836,"Down"
"43","B3_4_42928288",33.8741660963872,0.955567879752635,0.318924272259971,0.000119994744925973,0.0123891126011213,"Up"
"44","B3_4_44916972",23.7630702226961,0.861151518031528,0.345647772736292,0.000515271889736678,0.0292014495240361,"Up"
"45","B3_4_58945177",19.2154207565578,1.08678526669508,0.391875960948801,0.000221539910238226,0.0183367820861269,"Up"
"46","B3_5_108218937",20.4855940442481,0.989893663068751,0.353291746500565,0.000209869671378208,0.0178223118004705,"Up"
"47","B3_7_37896051",51.4805983180567,-0.672031795754701,0.215701518958782,9.84301323652458e-05,0.0111668986824034,"Down"
"48","B3_7_73388095",24.3279480916255,0.810016821684808,0.334915163031737,0.000640008178007057,0.0333268026605704,"Up"
"49","B3_9_122684849",72.363172591352,0.564960144823241,0.1950502149171,0.000229938603741532,0.0183367820861269,"Up"
"50","B3_X_104955172",30.8334709282975,1.12368133068279,0.327433088971458,2.68090766565112e-05,0.00472181433464925,"Up"
"51","B4A_5_113073436",44.3294630765839,0.549467378332956,0.23385316978223,0.00102851627552701,0.0433739316662976,"Up"
"52","B4A_9_103050731",18.5500081380033,1.41709709344149,0.348518620156745,2.41162931974386e-06,0.00100755629602787,"Up"
"53","B4A_9_120004352",211.999156389533,-0.849683223325497,0.185520897654353,2.5409391381611e-07,0.000228612679555998,"Down"
"54","B4_12_70305119",62.1576149022459,0.532585069198975,0.228088200699862,0.00109971374548088,0.0449008123581,"Up"
"55","B4_16_8477042",134.732582920695,-0.620759691555159,0.143385229720917,1.00574276945615e-06,0.00058284415655741,"Down"
"56","B4_19_10411990",56.8377775754289,0.722211420838843,0.260633209929643,0.000268948930805344,0.0196409249671464,"Up"
"57","B4_1_91007228",40.289833677119,0.783686654641424,0.261476537090721,0.000129566680180599,0.012789370381563,"Up"
"58","B4_1_9684752",40.7266189375167,1.00959914290051,0.240273744124594,1.3779056735965e-06,0.000670533946409459,"Up"
"59","B4_2_71050439",83.428076816381,0.812780986312712,0.225379438560758,1.57690031364149e-05,0.00330718971660943,"Up"
"60","B4_3_123348415",20.4189304066474,0.838225572448992,0.400829028631842,0.00128567282207581,0.049963135543106,"Up"
"61","B4_4_42930711",49.8153762140785,0.880465410604648,0.222709388577383,4.00354154605489e-06,0.00121904447245553,"Up"
"62","B4_7_131587152",376.007518108117,0.554192392560705,0.158475161185529,3.19272604638694e-05,0.00520951418542904,"Up"
"63","BC1_Mm_16_33590862",20.6294118333175,-1.08553473799937,0.321762273984444,3.57757601116046e-05,0.00549326094363227,"Down"
"64","Charlie7_1_143474997",39.8342289798699,-0.841151030900789,0.263064718524448,6.74176981266128e-05,0.0083528203230662,"Down"
"65","IAPEY3-int_13_3429444",35.9118553014989,0.694001464906013,0.276792085302709,0.000554852639331437,0.0309562970981033,"Up"
"66","IAPEz-int_11_116281874",81.8925953635513,-1.20563775666126,0.511673104838811,0.000574602817929505,0.0314214840284572,"Down"
"67","IAPEz-int_13_33124847",53.6432616876624,0.694356795140366,0.239584242803983,0.000191347537266706,0.0169337857487506,"Up"
"68","IAPEz-int_16_21852514",67.5312389464334,0.595660987836844,0.198604044177144,0.000162952692272656,0.0150899232818468,"Up"
"69","IAPEz-int_2_131760333",90.6931905609588,0.505291514150524,0.179035656392802,0.00032350827093605,0.0219314191976081,"Up"
"70","IAPEz-int_5_124409857",27.0474785946366,0.83140371363979,0.302988651027897,0.000275598940899667,0.0198153554588187,"Up"
"71","IAPEz-int_5_142991945",81.7174383402826,-0.615053419137859,0.252949621770205,0.000740697830081858,0.036758664412764,"Down"
"72","ID4_X_102521297",162.675048362651,1.0320481957975,0.164722553629409,1.99577983609377e-11,3.58541847554246e-07,"Up"
"73","ID4_v_11_51887043",20.1460021510341,0.869283061528747,0.348259564259872,0.000511671884314009,0.0292014495240361,"Up"
"74","ID4_v_16_8477900",69.0811527105821,-0.550600927499312,0.206953240220709,0.000454061414730448,0.027558153093353,"Down"
"75","ID4_v_4_155867683",42.4572651814655,-0.577438570075203,0.250492326954336,0.00109524271649558,0.0448201262000981,"Down"
"76","ID_2_127475562",224.533934518284,-0.901904826831415,0.264390008035885,2.95250751377797e-05,0.00500394315896426,"Down"
"77","ID_B1_15_36782571",20.0091008276206,1.02126844801703,0.362634463254395,0.000204015403742574,0.0177059745325379,"Up"
"78","ID_B1_2_113657402",30.0625877903922,1.16195595426373,0.350042850512811,3.8749920496561e-05,0.00575324232827039,"Up"
"79","ID_B1_3_34731187",32.1337580535883,-0.752968326329985,0.269461710167486,0.000249060943862666,0.0191212814380034,"Down"
"80","ID_B1_4_149981295",48.5185059620793,-0.582233817441281,0.253823906538612,0.00110797412116459,0.0450561835276449,"Down"
"81","ID_B1_5_117906741",63.5418529104351,0.512043423794394,0.197858370898245,0.000612072900477349,0.0324681640457535,"Up"
"82","ID_B1_6_143136067",53.53375875681,0.688924816764775,0.242323952144035,0.000225681644830482,0.0183367820861269,"Up"
"83","ID_B1_9_75478603",149.347141558091,0.540465550051323,0.148872020781106,1.99316796012295e-05,0.0038920937395227,"Up"
"84","IMPB_01_2_66240349",45.1687296749011,0.886543885945232,0.282979900101232,7.72340281522782e-05,0.00931214305876294,"Up"
"85","IMPB_01_9_120004207",42.9645614350331,-0.650708302359411,0.257782372779405,0.000569886520293689,0.0314214840284572,"Down"
"86","Kanga2_a_X_72398744",27.935030284041,0.666384193010229,0.294110782472569,0.00104606811748881,0.0437453249754821,"Up"
"87","L1Lx_IV_10_82067969",30.3101329902837,0.793099284754853,0.279117380626617,0.000203933981747493,0.0177059745325379,"Up"
"88","L1Lx_IV_6_128171896",26.8864030923796,1.02502330017029,0.366627194987824,0.000209643403216916,0.0178223118004705,"Up"
"89","L1Lx_I_4_47385774",29.2524596984704,0.654482420710487,0.291120583127646,0.00108602606198132,0.0445444251221334,"Up"
"90","L1Lx_I_7_7229359",21.6764125684609,0.83884785756061,0.349719760845321,0.000657304987571167,0.0340302135496139,"Up"
"91","L1Lx_I_9_8670462",24.1155499051096,0.769061841155336,0.335431262026124,0.000906081883943508,0.0413141143275257,"Up"
"92","L1M2_7_58908777",90.1155930891606,-0.61186937088627,0.170799784924321,2.17709161573451e-05,0.0041607926464543,"Down"
"93","L1M2_9_72367126",37.7742801686747,-0.602101654061639,0.245920882197934,0.000750794477473186,0.0370550076588071,"Down"
"94","L1MA4_X_72273191",62.0924290657294,-0.629846181062547,0.188045446078193,4.73516480249544e-05,0.00669820753360871,"Down"
"95","L1MA5A_17_13243860",65.4000607727315,0.628899982725419,0.181283138062933,3.16958279473202e-05,0.00520951418542904,"Up"
"96","L1MB4_17_85394567",39.3111008026026,0.838382825077835,0.276582820000827,0.000114271333122888,0.0119353749973994,"Up"
"97","L1MD3_13_70758065",34.2085519171498,1.19681777793009,0.280450733508742,9.70933124325977e-07,0.00058284415655741,"Up"
"98","L1MDa_X_12908145",25.7875675427947,0.720247521194085,0.332092294780097,0.00119356079786183,0.0476671138946564,"Up"
"99","L1ME4a_4_58436045",74.1458281158154,-0.885969334230695,0.22914765236333,5.52751303420557e-06,0.00148211599491796,"Down"
"100","L1ME4c_4_88636534",75.9803649305334,-0.515699756207579,0.193798709594454,0.000502981105011076,0.0290548410016848,"Down"
"101","L1MEi_9_120008378",1101.9269943416,-0.738031117315352,0.13459766952756,2.57252472629844e-09,1.15538516769879e-05,"Down"
"102","L1MdA_II_6_111522974",53.6589291169588,0.776291736666529,0.241792634237748,6.5670617974539e-05,0.0081928656382819,"Up"
"103","L1MdA_I_1_194732025",24.1600991919696,0.759295467931445,0.304857379674295,0.000561997448686111,0.0311613708816234,"Up"
"104","L1MdF_III_13_3255409",27.0117743261357,0.971515156099579,0.30175279810886,6.0082232029944e-05,0.00776530430516506,"Up"
"105","L1MdF_III_2_79672012",175.916188473284,0.720469647872767,0.185531625832548,5.87812287668608e-06,0.00153044170260385,"Up"
"106","L1MdF_III_8_55514457",245.576393060887,0.749018962357519,0.16330504024191,2.63495046123322e-07,0.000228612679555998,"Up"
"107","L1MdF_I_11_57195367",48.4177959987888,1.30214761241868,0.276607559511907,1.21662259721598e-07,0.0001457108330599,"Up"
"108","L1MdF_V_16_16247073",32.066437927132,1.08691983346487,0.274631788003735,3.68385667012715e-06,0.00121904447245553,"Up"
"109","L1MdF_V_1_194738995",35.3572185459201,0.968551476618843,0.26450716517371,1.20442928674728e-05,0.00264793910641669,"Up"
"110","L1MdF_V_9_4332036",91.7856880916408,0.646831799104232,0.201207099710923,7.41341899764478e-05,0.0089987886684249,"Up"
"111","L1MdGf_I_10_29077880",131.235513486117,0.637508533814078,0.15685976694573,3.06106186968277e-06,0.00112015975840016,"Up"
"112","L1MdMus_II_7_61586004",59.6267992307743,0.841414663755117,0.184317714349217,2.79959863636624e-07,0.000228612679555998,"Up"
"113","L1MdV_III_4_42822443",26.0908295534764,0.950659397012887,0.328742630069897,0.000159224611885638,0.0149762835210758,"Up"
"114","L1MdV_I_5_137952457",217.368096044856,-0.588489262391874,0.120704881065788,7.91584009184842e-08,0.000109390820961582,"Down"
"115","L2_11_62173583",19.9331499321794,0.961212667688194,0.349860953341006,0.000256884395641949,0.0192288673654484,"Up"
"116","L2_6_113262060",27.8172503627621,0.651177926288191,0.284752500849763,0.00101999300523367,0.0432173923090164,"Up"
"117","L2_6_113264223",52.0493958853658,0.588328975429379,0.224994090407304,0.000486661290003311,0.0283012353359731,"Up"
"118","L2_7_73151708",40.4888487002153,0.621667267696478,0.256590279228081,0.000764617769374491,0.0376209235659983,"Up"
"119","L2a_3_107393211",41.7363394790745,0.727792381348533,0.260833875995956,0.000254086329626766,0.0192288673654484,"Up"
"120","L2a_7_122222305",34.2428215068409,0.939654635629664,0.315577562878632,0.000124636166960022,0.0125719653690788,"Up"
"121","L2a_7_87245223",113.657755096292,0.507325526897075,0.184865396607389,0.000400586188983842,0.0252059776303207,"Up"
"122","L2a_9_111214477",41.9145418418271,0.585297382223992,0.249514363426413,0.000968423074550529,0.0417211523604323,"Up"
"123","L2b_2_164334865",182.029086754771,-0.508591073309708,0.141884102483999,2.5405479429486e-05,0.00451890532624472,"Down"
"124","L2b_9_97334477",43.5738827191631,0.608756561923431,0.258264320652029,0.000917387252764938,0.0415131534335799,"Up"
"125","L2c_17_24030760",63.8952233025426,0.91286895254427,0.2541016549611,1.58318015935659e-05,0.00330718971660943,"Up"
"126","L2c_4_42921745",22.1733670680686,0.905395051327669,0.370660567110489,0.00057181318534025,0.0314214840284572,"Up"
"127","L2c_5_43823459",19.1251123509661,0.845256960545793,0.344838493832618,0.000587036983275954,0.0317654198932305,"Up"
"128","L2d2_8_80018733",19.733589068163,1.13964391984561,0.336195235427046,3.1981858733495e-05,0.00520951418542904,"Up"
"129","L2d_7_6715916",59.6862298227002,0.704309663054401,0.27398471020795,0.000466339430905697,0.0281133821349693,"Up"
"130","L3_11_107903503",42.5652378617952,1.00009256028865,0.266194591831358,8.13393758870658e-06,0.00197467822677181,"Up"
"131","L3_16_34134608",287.431958827489,0.516109116606834,0.127085646589604,3.77956160084445e-06,0.00121904447245553,"Up"
"132","L3_6_30749319",28.8680856710849,0.717381675444413,0.314783088697436,0.000941898626019574,0.0416778542276888,"Up"
"133","L3b_18_40664816",147.053712850685,0.64751185816543,0.164404955891756,5.10765366161941e-06,0.00143373434423426,"Up"
"134","L3b_2_29868486",536.474824631156,0.718974769527929,0.158256716555118,3.33959203995459e-07,0.000260851178251236,"Up"
"135","L3b_5_14763662",40.9054165786045,0.55366471207844,0.243068241841006,0.00120590830941375,0.0478237147430862,"Up"
"136","LFSINE_Vert_2_28542175",52.1093436413909,0.712470806828863,0.219070185465424,5.99571444838749e-05,0.00776530430516506,"Up"
"137","LSU-rRNA_Hsa_10_105073995",607.079254548877,-0.683552793832608,0.299533955368036,0.000899295092861036,0.0411662256755391,"Down"
"138","LSU-rRNA_Hsa_14_104953212",405.869580724221,-0.686992243151,0.255748862440612,0.000322745993274712,0.0219314191976081,"Down"
"139","LSU-rRNA_Hsa_15_86078977",913.793904841625,-0.634693223464593,0.227639137407501,0.000272176423019016,0.0197163283852283,"Down"
"140","LSU-rRNA_Hsa_3_5925378",4175.68857524429,-0.66004612142842,0.283809553122566,0.000869233245055754,0.0406150672954892,"Down"
"141","LSU-rRNA_Hsa_6_145878474",200.264596175436,-0.722789375095928,0.284306330103572,0.000476487304229778,0.0283012353359731,"Down"
"142","LSU-rRNA_Hsa_6_79795162",43.1540746082035,0.654677599935093,0.244835860704078,0.000375446339603136,0.0243064516696332,"Up"
"143","LSU-rRNA_Hsa_8_15569774",383.047677600967,-1.46413050975925,0.35177674801546,1.3082974124739e-06,0.000670533946409459,"Down"
"144","LSU-rRNA_Hsa_9_123290856",1795.454852948,-0.61742725105119,0.280080723975316,0.00119508821288882,0.0476671138946564,"Down"
"145","LTR16B1_2_136607197",129.01374734763,0.684032966271541,0.161489717879075,1.38201248001941e-06,0.000670533946409459,"Up"
"146","LTR33A_9_119997076",428.461579605082,-0.715318102344052,0.139322952194104,1.7363842467888e-08,4.45630614193725e-05,"Down"
"147","LTR33_1_132528193",18.0713291367051,1.02855304672579,0.378077958596742,0.00026766265838835,0.0196267741140682,"Up"
"148","LTR83_11_67556163",57.7167787597922,0.747026671335719,0.244935434219825,0.000112336604317378,0.01180191284539,"Up"
"149","Lx2_1_52213816",19.2855602589878,1.17790842252477,0.397686176632364,0.000128756531605797,0.012789370381563,"Up"
"150","Lx5_11_57186734",22.7646613971895,1.02851856386059,0.336122773729643,9.38565984887325e-05,0.0108085499477569,"Up"
"151","Lx5_18_13089645",29.5666028745235,0.981047448858929,0.338035396401316,0.000155138686462306,0.0147463836100282,"Up"
"152","Lx5_4_42907826",59.6605543054499,0.575920590363491,0.225777835113588,0.000598295476137021,0.0320996802598599,"Up"
"153","Lx5_6_141767684",95.3685887388843,0.529842169020127,0.167155193957314,0.000103907692442861,0.0115491306316085,"Up"
"154","Lx5_7_41284530",26.1117271939633,0.928858394903786,0.415069828406661,0.000893162386922669,0.0411427237976045,"Up"
"155","Lx5_8_69757555",275.97704572081,0.679434524694887,0.122269941676255,1.80754888769042e-09,1.08242052557862e-05,"Up"
"156","Lx6_12_55757251",24.3452211910024,0.787317224383217,0.350048603410922,0.000947134588448222,0.0416957100772682,"Up"
"157","Lx6_9_124064065",42.2938334601769,0.672924626161371,0.2414347722297,0.00027206436555663,0.0197163283852283,"Up"
"158","Lx8_7_113154839",39.2837951540724,0.72488796435927,0.245931206516238,0.000161313136307458,0.0150154947863393,"Up"
"159","Lx8b_15_41706668",20.5803863419387,0.80474284518575,0.334909486631347,0.000674929215115057,0.0346431524272629,"Up"
"160","Lx8b_2_83684508",19.9741182381154,0.867623194994927,0.339742591512759,0.000438713775202677,0.0268077992228438,"Up"
"161","Lx9_5_108218205",52.1276786218995,0.681212639028821,0.215918818926509,8.70421905602565e-05,0.0102203461007517,"Up"
"162","MER102b_11_80712470",28.3083193278317,-0.661332011244615,0.285767764587171,0.000964807285611792,0.0417211523604323,"Down"
"163","MER20_3_30960689",74.2835059695365,0.51950245542478,0.186643774011681,0.000349979801994742,0.0233879366291036,"Up"
"164","MER20_4_58943851",37.430060634699,1.11276899572373,0.255866591597227,6.8353932587894e-07,0.000454806814422783,"Up"
"165","MER45R_3_108322718",90.1910636473949,0.806432067465763,0.229363829559022,2.21624732939583e-05,0.0041910403444838,"Up"
"166","MER58A_19_10402151",36.5865161487417,0.888876166263942,0.278010689601735,6.52745126971854e-05,0.0081928656382819,"Up"
"167","MER5A_18_7000086",30.868857530818,0.757136999312332,0.332429366901152,0.000891645729667095,0.0411427237976045,"Up"
"168","MERVL-int_2_70895776",17.8772794024278,1.13481826768106,0.408858691424757,0.000223953766674039,0.0183367820861269,"Up"
"169","MERVL_2A-int_7_25242969",47.7557682426933,0.615031532967307,0.260226175597923,0.000866797190423305,0.0406150672954892,"Up"
"170","MIR3_19_10408740",30.4395819977589,0.97671314277329,0.296376105124239,4.49546223018476e-05,0.00646087831722154,"Up"
"171","MIR3_2_6564674",56.3798486074704,0.869836884382898,0.23015789130861,7.8470187546632e-06,0.00193111906750033,"Up"
"172","MIR_7_120494603",19.4107906621861,0.933000811189671,0.335471847962321,0.000228959233294011,0.0183367820861269,"Up"
"173","MIRb_18_61081373",21.2517805135991,1.04880948350417,0.409437434856735,0.000387692440405509,0.0247691430351589,"Up"
"174","MIRb_19_10402681",24.4241341591433,0.988754382301618,0.306496768350364,5.80014068814115e-05,0.00770416357451244,"Up"
"175","MIRb_1_172152828",99.7663686464088,0.549755747973466,0.162616249654499,4.88007930827027e-05,0.00684926756039652,"Up"
"176","MIRb_4_42918195",32.2565582406562,1.16676325834263,0.312806599460257,8.56121797310965e-06,0.00199743221931058,"Up"
"177","MIRb_4_53622019",93.2932815375058,-0.516637373541974,0.188226328716549,0.000390184663453937,0.0247691430351589,"Down"
"178","MIRb_5_115328987",27.6764806013797,0.866361323538176,0.313590091725864,0.000254617948095291,0.0192288673654484,"Up"
"179","MIRb_5_37311162",25.0903941239381,1.01580989162774,0.29871921091359,3.21879251089688e-05,0.00520951418542904,"Up"
"180","MIRb_7_6716612",20.7962154717009,1.41527998684083,0.346314856028505,2.10413465061504e-06,0.000901992068534699,"Up"
"181","MIRb_7_6718545",33.7508878800984,0.958924506304755,0.292862462540099,4.94455582655533e-05,0.00688596476155554,"Up"
"182","MIRb_X_166680483",34.2298865463648,1.06450757576234,0.270592559733171,3.97801539422816e-06,0.00121904447245553,"Up"
"183","MIRc_1_171087893",49.3682025699021,-0.532297146519998,0.232012193180159,0.00121611687763865,0.0479112712867945,"Down"
"184","MIRc_2_125470444",17.4271353872805,-0.840858660053398,0.394808195144803,0.0012291739252549,0.0481091711703796,"Down"
"185","MIRc_4_21994130",123.296021510767,0.508794171131503,0.195418652106782,0.000585448505419214,0.0317654198932305,"Up"
"186","MIRc_4_77843736",48.7921745338375,0.616701290598518,0.212709765272571,0.000207800627447357,0.0178223118004705,"Up"
"187","MLT1D_12_70309026",41.4019361123257,0.831902297830568,0.245899517760311,3.50283787089509e-05,0.00542486916815778,"Up"
"188","MLT1E1A_2_113656321",40.2472099303393,1.3132223300949,0.256487823368432,1.48641210332169e-08,4.45630614193725e-05,"Up"
"189","MLT1H_9_111213344",49.5129037428,0.675494629816992,0.227199038498265,0.000156995140485448,0.0148443036780057,"Up"
"190","MLT1J_1_72341106",67.7196369769274,-0.509039030961315,0.196924717899789,0.000626129362112949,0.0327942098844289,"Down"
"191","MLT2B3_4_101389219",53.9559690454587,0.581107101890061,0.201895605502969,0.000235804592062573,0.0184883954413823,"Up"
"192","MLTR12_3_87928666",53.4035944877162,-0.54685366822818,0.220857244225655,0.000766449096863646,0.0376209235659983,"Down"
"193","MMERVK10C-int_1_177990486",25.2717507037505,0.870661918252925,0.318156680617646,0.000263385584281447,0.019552570337257,"Up"
"194","MMERVK10C-int_3_40833130",104.2413763253,0.576250480565354,0.173887454959427,5.86126387331398e-05,0.00770416357451244,"Up"
"195","MMERVK10C-int_3_40836552",108.263375163035,0.749342511235749,0.174390899922309,1.00012879516772e-06,0.00058284415655741,"Up"
"196","MMERVK10D3_I_12_87197069",98.3110698388435,0.628784989446139,0.174346404728961,1.94434721446564e-05,0.00383848326460167,"Up"
"197","MMERVK9C_I_1_13691289",32.9051583300256,0.657474648791269,0.283942180515439,0.000940463450563475,0.0416778542276888,"Up"
"198","MMERVK9C_I_4_34550912",97.2011979588052,0.885502130255863,0.218448041101078,2.61214000295875e-06,0.00104438836913944,"Up"
"199","MMSAT4_9_122682169",64.0504795828875,0.585284483610829,0.209333215769723,0.000294987307676172,0.0208639644976474,"Up"
"200","MT2B1_10_39526215",28.1903523388086,0.797540514983523,0.30430954719474,0.000385467829466323,0.0247318912727232,"Up"
"201","MT2B_17_26226995",20.0897423404116,0.869999818317249,0.368245220496523,0.000685146355263631,0.0349677678190657,"Up"
"202","MTA_Mm_2_174969254",107.669348372938,0.594021393353078,0.171434665766403,3.3410797646767e-05,0.00527427823277721,"Up"
"203","MTA_Mm_4_44139773",95.6383799934564,0.53760983068415,0.179803069939049,0.00017935956744877,0.0161919328101364,"Up"
"204","MTB_2_113652076",55.8174397103933,0.602809358979346,0.270607735273429,0.00121155043939431,0.0479042450243665,"Up"
"205","MTC_11_57192074",19.6418136211965,1.45249567620442,0.388873240911689,8.41515065553775e-06,0.00199208002094846,"Up"
"206","MTC_17_36314318",48.2985743768074,0.818016622180493,0.226762837638177,1.61543199318168e-05,0.00333577422500102,"Up"
"207","MTC_17_83888856",23.248088487078,0.773758075361252,0.308736798123867,0.000526080589594996,0.0296418452041456,"Up"
"208","MTC_18_13096077",53.7656484996176,0.878535191537304,0.225129885816594,4.96842841174999e-06,0.00143373434423426,"Up"
"209","MTC_2_113653087",50.5451732172795,1.0322663782301,0.273176148643008,7.49195673112873e-06,0.00186934725937122,"Up"
"210","MTC_2_71053118",122.742330285276,0.537023430400819,0.169839911294209,0.000104144679227419,0.0115491306316085,"Up"
"211","MTC_7_138650082",23.8955844409079,0.879725325505694,0.385166868879343,0.000838102056235439,0.0402387264395888,"Up"
"212","MTD_11_57193749",18.8310402794159,1.20471457053902,0.33143711369424,1.3007191713196e-05,0.00281535179671766,"Up"
"213","MTD_5_24342057",46.1964261051815,0.608520145639003,0.230231187518297,0.000432901329162772,0.0265429091413283,"Up"
"214","MTE2a_3_118309596",22.3677466923315,0.958707965940195,0.34219279043028,0.000210316175992193,0.0178223118004705,"Up"
"215","MTE2a_9_4435172",22.4742970970699,1.31805328269383,0.38236164275889,2.44518326780491e-05,0.00451890532624472,"Up"
"216","MTE2b_13_15953569",27.9734249854891,1.2391070704215,0.266276733323896,1.71599598810217e-07,0.000181340399566209,"Up"
"217","MTEb_18_61106174",44.7913886802922,0.559860687266519,0.238309007948745,0.00100740435538041,0.0427849154714164,"Up"
"218","MTEb_9_75479439",605.285802717479,0.536151404607279,0.124685558711459,1.29703407203916e-06,0.000670533946409459,"Up"
"219","MYSERV6-int_7_25260430",64.1216273988847,0.557825365196107,0.204088436256688,0.00037439322263429,0.0243064516696332,"Up"
"220","MYSERV6-int_9_103054279",31.3710979257102,0.717411787517908,0.279621448000279,0.000476477692566672,0.0283012353359731,"Up"
"221","MYSERV6-int_9_103055085",70.9276257938045,0.577436423140662,0.193625898451731,0.000172205557733938,0.0156246103267181,"Up"
"222","MamRTE1_11_59639412",107.832252152639,0.574454162802215,0.145511803492688,5.45123711254161e-06,0.00148211599491796,"Up"
"223","MamRTE1_2_77014665",45.2100276651437,0.562418250360368,0.237474992498266,0.000947780575351838,0.0416957100772682,"Up"
"224","MamRTE1_5_14729195",26.8118387075956,0.835054998006224,0.302507907076,0.000255940300560618,0.0192288673654484,"Up"
"225","MamRep434_X_40746376",62.7299964340334,1.08758621365592,0.270247038421808,2.71535130140212e-06,0.00105040539745009,"Up"
"226","MamRep434_X_40748255",63.8879076398303,0.861071011562196,0.215191916138567,3.24232159403329e-06,0.00112015975840016,"Up"
"227","MamRep605_7_6727499",21.7734694162821,1.00715809339854,0.394417198050068,0.00041516650942775,0.0257188494547225,"Up"
"228","MamRep605_7_6727760",33.1735634473693,1.35241124635014,0.294130962735375,2.14324405492795e-07,0.000213907663593226,"Up"
"229","MurERV4-int_4_56874389",225.358282917662,0.560831866026837,0.149449043138707,1.20863349137862e-05,0.00264793910641669,"Up"
"230","MurSatRep1_17_32993392",299.815678740121,0.571087911687768,0.143979721721206,5.03909028568905e-06,0.00143373434423426,"Up"
"231","MurSatRep1_17_32996369",53.5069838167729,0.827324202847293,0.255886029516971,5.78876372233505e-05,0.00770416357451244,"Up"
"232","MurSatRep1_4_136014492",76.7781257086352,0.577455145593838,0.174303343480347,5.82879071252471e-05,0.00770416357451244,"Up"
"233","MurSatRep1_4_58957148",389.605317550198,0.538636101581682,0.10588045754094,2.89425706089862e-08,5.74316744191664e-05,"Up"
"234","MurSatRep1_7_23957875",20.7284339026567,0.770553034107587,0.349127108216307,0.00105483741149655,0.0437880539928636,"Up"
"235","MurSatRep1_8_130007236",91.7040834840897,0.683593077650813,0.163402568249466,1.7738700119788e-06,0.00079668936912998,"Up"
"236","MurSatRep1_8_69753222",59.9582453871337,0.730578301051676,0.218304455204889,4.30112866312413e-05,0.00633358823221516,"Up"
"237","MusHAL1_9_89818915",34.5793043269526,0.931164518743707,0.27437196555709,3.32945131536306e-05,0.00527427823277721,"Up"
"238","ORR1A2_17_8533501",18.095486826086,0.938800976001485,0.358794216254505,0.000361958160544356,0.0238189683303273,"Up"
"239","ORR1A3-int_4_155866344",65.962815920226,-0.544635238136746,0.193964829286112,0.00030397169506117,0.0213314511788044,"Down"
"240","ORR1A3_2_79686598",19.1304772587715,1.51283112293097,0.419682278567509,1.33157384824694e-05,0.00284782430759003,"Up"
"241","ORR1B1-int_11_77426816",20.7976928462518,1.24991634818248,0.375719043631783,3.75079744771675e-05,0.00566244337380096,"Up"
"242","ORR1B1-int_17_47085889",46.5582804629204,-0.677661323938433,0.252661805808269,0.000355226583245425,0.0234708294249785,"Down"
"243","ORR1B1-int_1_143617825",23.607871384762,0.733600222091516,0.340475074299792,0.00127018598389525,0.0494986793940957,"Up"
"244","ORR1B1_15_99647264",50.6043904876042,0.660651963760424,0.212388630115261,0.000102385515371155,0.0114959736477675,"Up"
"245","ORR1C1_7_83927554",32.0497113925942,1.01356044429529,0.293357616417887,2.53985948058239e-05,0.00451890532624472,"Up"
"246","ORR1D1_4_42928905",74.6092460605659,0.574456430603741,0.245188000664944,0.000987906692300516,0.0420562647563478,"Up"
"247","ORR1D2_X_93684369",24.8418505886687,-0.715297805083262,0.321976479442617,0.00108430784920108,0.0445444251221334,"Down"
"248","ORR1E_12_102227515",30.9977616391683,1.16587295357711,0.290718377892753,2.86137130260457e-06,0.0010709278219019,"Up"
"249","ORR1F_4_131610379",18.0058305106025,0.882398998054543,0.353116352770239,0.000514091401895164,0.0292014495240361,"Up"
"250","OldhAT1_15_72978358",47.8989133752468,0.585673368753914,0.245446690940696,0.000869346673957244,0.0406150672954892,"Up"
"251","OldhAT1_16_81240004",86.0622277672686,0.509943419006329,0.202741607487915,0.000743225891876482,0.0367825155580193,"Up"
"252","OldhAT1_17_27171949",177.063130281481,0.595073238864557,0.129089463879288,2.78957090414299e-07,0.000228612679555998,"Up"
"253","OldhAT1_1_133584960",149.908978639499,0.547889939629252,0.165230239006057,6.16849537326375e-05,0.00791550138433453,"Up"
"254","OldhAT1_1_133586773",64.7322745132779,0.959047096661429,0.227407271891694,1.27553474952676e-06,0.000670533946409459,"Up"
"255","OldhAT1_3_37000446",33.2303473873358,1.43561418809391,0.306932207238027,1.40469128150885e-07,0.000157720492951915,"Up"
"256","OldhAT1_5_75324429",54.6449687092834,0.565832971960709,0.249872932196349,0.0011916261833325,0.0476671138946564,"Up"
"257","PB1D10_10_13993274",24.3664050469607,1.22126326056835,0.310195052220534,3.98584539105615e-06,0.00121904447245553,"Up"
"258","PB1D10_11_51886941",31.2734754323288,0.673384450413797,0.292845058279576,0.000960674580731189,0.0417134896963357,"Up"
"259","PB1D10_15_79419250",118.646491841723,0.545176561310518,0.154340471400071,2.90615726061192e-05,0.00500394315896426,"Up"
"260","PB1D10_2_119426937",135.922667116183,0.638352903892232,0.150411443809876,1.42063424011282e-06,0.000670533946409459,"Up"
"261","PB1D10_2_120434947",54.0091742652656,-0.685241375569065,0.228239631872815,0.00013838406811038,0.0134526161442606,"Down"
"262","PB1D10_2_155914834",72.4903478008872,-0.537368915935804,0.19590814453832,0.000378260250704397,0.0243564351394426,"Down"
"263","PB1D10_6_49236851",43.6247030468675,0.657148369749274,0.256189219171916,0.000507514751390103,0.0292014495240361,"Up"
"264","PB1D7_4_42924007",28.577964411858,0.830416343931402,0.306052210323571,0.000294009127445136,0.0208639644976474,"Up"
"265","PB1D7_4_42930984",33.2600642162144,0.663619552263087,0.282353720164157,0.000853871718745337,0.0405814958393121,"Up"
"266","PB1D9_11_78731018",38.9059273979873,0.573938046235712,0.255664673689933,0.00124118429739126,0.0484736432665955,"Up"
"267","PB1D9_16_16948036",50.9550085199919,-0.652102730354693,0.247118788425291,0.000408857897092631,0.0255039309766289,"Down"
"268","PB1D9_4_43692308",79.5233372271567,-0.520782477497913,0.19052347788827,0.000395053917911864,0.0249899423777698,"Down"
"269","PB1D9_6_143134490",54.7093225148605,0.786720416397352,0.230944459361796,3.34688404417814e-05,0.00527427823277721,"Up"
"270","PB1D9_6_143135104",25.2004910376185,0.956888765606043,0.327026390658654,0.000148410040039126,0.0143343353188328,"Up"
"271","PB1D9_6_49237037",36.3436950984001,0.727158192927892,0.259190390290743,0.000242451976715916,0.0188556266740322,"Up"
"272","PB1D9_8_111701195",39.470905126517,-0.699909319616933,0.245931666588981,0.00022132847466446,0.0183367820861269,"Down"
"273","PB1_11_51888281",51.7104986569045,0.628830716128511,0.223389330811988,0.000260609452825765,0.0194267585892733,"Up"
"274","PB1_6_143136710",55.5560594305382,0.786506233134009,0.218376032906851,1.6982087435284e-05,0.00342790113230198,"Up"
"275","Penelope1_Vert_1_11232529",47.1939034710065,0.743395315011747,0.228340228890072,5.87514839804177e-05,0.00770416357451244,"Up"
"276","Penelope1_Vert_7_99604676",35.9514578939245,0.641052774395525,0.259171242551106,0.000651184830612517,0.0338107961906181,"Up"
"277","RLTR10-int_11_25560732",32.7168181270835,0.83678941911242,0.269966491955853,9.16235450487119e-05,0.0106884219922085,"Up"
"278","RLTR10-int_9_110081598",63.0327531490056,0.551558456606367,0.230346050498072,0.00089925664365524,0.0411662256755391,"Up"
"279","RLTR10_9_110081145",43.0362163251623,0.624847312707883,0.264649019546488,0.000870403613067818,0.0406150672954892,"Up"
"280","RLTR13C2_1_182698483",19.0715661133315,1.02447308522456,0.373307072876863,0.000245815826305931,0.0189531387106697,"Up"
"281","RLTR13D6_13_92823540",46.6745129282821,0.604766722221464,0.269706584474559,0.00119541852982758,0.0476671138946564,"Up"
"282","RLTR15_18_12903976",40.5644101577285,1.11004469589447,0.247734000693448,3.77286120331517e-07,0.000271117806070228,"Up"
"283","RLTR17B_Mm_10_67382331",73.7105910193065,-0.520120038404083,0.177865085502816,0.00023178625523448,0.0183437888779182,"Down"
"284","RLTR17B_Mm_11_67569281",23.1186188390486,0.853662524201107,0.329603344736855,0.000401693794806567,0.0252059776303207,"Up"
"285","RLTR17B_Mm_15_59466008",20.1660332753908,1.12732765177021,0.408990211176938,0.000226856401350305,0.0183367820861269,"Up"
"286","RLTR17B_Mm_2_33044227",17.4947990173041,1.10406827656215,0.387737572354628,0.000183305837887248,0.016383529242012,"Up"
"287","RLTR17B_Mm_9_70509463",30.2419679540373,-0.895943905690099,0.356676982394424,0.000478750743854282,0.0283012353359731,"Down"
"288","RLTR1A2_MM_1_182700428",18.3058742363296,1.03226980480681,0.355796684838988,0.000160672518599966,0.0150154947863393,"Up"
"289","RLTR20A4_18_40665721",29.4531845953601,1.1249840389197,0.278880586626726,2.7480686713139e-06,0.00105040539745009,"Up"
"290","RLTR20A4_19_10366499",60.4465860707607,0.849968267100732,0.214170955352272,3.75214889047001e-06,0.00121904447245553,"Up"
"291","RLTR22_Mur_15_82002891",24.0484631780752,0.704439030942155,0.308780927734772,0.000966917599050688,0.0417211523604323,"Up"
"292","RLTR22_Mur_17_66231182",68.7817968075325,-0.770079470915295,0.191630016930714,3.1946645950933e-06,0.00112015975840016,"Down"
"293","RLTR24_2_164334056",374.154933235867,-0.504187370931914,0.116845904030619,1.30570630593272e-06,0.000670533946409459,"Down"
"294","RLTR26_7_61585016",36.5868528414503,0.629773585675558,0.259533338657684,0.000733738195817634,0.036615574132955,"Up"
"295","RLTR28_10_111118101",18.6877965757683,0.842164569536149,0.37850368997824,0.000951585924390757,0.0416957100772682,"Up"
"296","RLTR4_MM-int_1_34466727",41.1745605979798,0.65196713550779,0.262360357031083,0.000617253580330711,0.0324681640457535,"Up"
"297","RLTR4_MM-int_1_34468188",97.431863455649,0.779124687265875,0.17272824702497,3.63638375031385e-07,0.000271117806070228,"Up"
"298","RLTR4_MM-int_2_30702700",47.2924988291175,0.622888590825381,0.268110689517198,0.000961279417438519,0.0417134896963357,"Up"
"299","RLTR4_MM-int_4_146588127",117.303472523317,0.791714787820513,0.154184849155681,1.66366929693328e-08,4.45630614193725e-05,"Up"
"300","RLTR4_MM-int_4_147303860",78.486589719276,0.623173442478537,0.182033159912949,3.68379532834111e-05,0.00560842229437696,"Up"
"301","RLTR4_MM-int_5_43366024",62.9653097689914,0.88927707512388,0.199575173050303,4.447441958778e-07,0.000307301133805565,"Up"
"302","RLTR4_MM-int_5_44292398",43.9159390638564,0.882850099751044,0.267267245457329,4.62486459665482e-05,0.00659410257769079,"Up"
"303","RLTR4_MM-int_X_134652539",132.115158412784,0.530809765409783,0.158862524066912,5.81176931810525e-05,0.00770416357451244,"Up"
"304","RLTR6_Mm_6_18847598",33.3989467126138,0.642367021653872,0.252865264034673,0.000558688581011273,0.0310738091574846,"Up"
"305","RMER10A_17_33031930",58.3155273403055,-0.710506925845418,0.198251691055637,1.8512800627869e-05,0.0036953607031074,"Down"
"306","RMER10A_5_107953550",22.0403881103815,0.894349653833041,0.380462541106704,0.00070971356319414,0.0358146184347829,"Up"
"307","RMER12C_17_8561377",118.409759156997,-0.528541844281849,0.182639464032022,0.000250457158219581,0.019146650414531,"Down"
"308","RMER13A_7_61585455",30.7150046626878,0.938027032684231,0.273209715913821,2.81960144353879e-05,0.004917877663415,"Up"
"309","RMER17C_15_96179276",21.1680317416936,0.81866691790531,0.360573624972554,0.000866363168737221,0.0406150672954892,"Up"
"310","RMER30_10_20935955",38.3599190368377,1.31471417632364,0.277673057035839,1.06020266477468e-07,0.000136046720519122,"Up"
"311","RMER5_10_32605695",26.1434919516538,-0.831098002264853,0.306846303593397,0.000299034981012589,0.0210673075838869,"Down"
"312","RSINE1_17_36309911",21.7374148810772,0.912022306323184,0.328593534762327,0.00023670086009006,0.0184883954413823,"Up"
"313","RSINE1_9_122685313",34.4616900412475,0.611134092188784,0.261792359242915,0.000956964597244924,0.0417134896963357,"Up"
"314","SSU-rRNA_Hsa_17_40157243",33586.2108184823,-0.657045405164506,0.285930189235446,0.00088859342723378,0.0411427237976045,"Down"
"315","Tigger18a_2_127475364",503.31290415429,-1.0139484719251,0.274129734100174,9.65250154540897e-06,0.00222316910593939,"Down"
"316","Tigger19b_8_14873522",27.1332397672328,0.910568825750028,0.286265148464272,6.86470784149433e-05,0.00838942016139086,"Up"
"317","URR1A_12_70308396",26.8872517388424,0.848234995614515,0.288544755634986,0.000151604023547856,0.0145645255777392,"Up"
"318","URR1A_2_166789675",26.9777200193719,-0.765683788077558,0.343649830971592,0.000987551436989393,0.0420562647563478,"Down"
"319","URR1A_4_126971592",58.9098044155241,0.509953530681591,0.20968463767569,0.000923337820264267,0.0415131534335799,"Up"
"320","URR1A_4_42922781",28.6559053809791,1.28740905266985,0.308816940151765,1.45565398886551e-06,0.000670533946409459,"Up"
"321","URR1B_6_8663959",22.0936521064308,1.07055824169261,0.309166944019834,2.4722665060947e-05,0.00451890532624472,"Up"
"322","URR1B_7_77834859",63.7380252164821,0.539838633910127,0.1924914593461,0.000313589982472,0.021667861673498,"Up"
"323","URR1B_9_122684035",59.9608726926582,0.590953124998887,0.201090173610847,0.000193657897423557,0.0170542359177167,"Up"
"324","X10b_DNA_X_40758597",51.7762592711381,0.668711750682547,0.220446879734429,0.000128960264769939,0.012789370381563,"Up"
"325","X24_LINE_2_37465877",65.5525821234172,0.636226939759819,0.199482229014712,8.10984338224038e-05,0.00964856532198334,"Up"
"326","hAT-1_Mam_7_117768159",52.5757723595117,0.802287884365404,0.23638112537089,3.49516318894552e-05,0.00542486916815778,"Up"
"327","tRNA-Ala-GCA_4_10899186",82.8250811990266,-0.554549161879779,0.190093129931646,0.000221572389875156,0.0183367820861269,"Down"
