"TE","TE_fam","TE_class","signif","TE_pos","lncRNA_name","lncRNA_pos","sex"
"B1F1_4_42927421","SINE","Alu","Up","4:42927422-42927560","Gm68316-201","4:42924187-42933815","female"
"B1F_15_81702554","SINE","Alu","Up","15:81702555-81702651","Gm62928-201","15:81700361-81723228","female"
"B1F_7_113151949","SINE","Alu","Up","7:113151950-113152086","Far1os-204","7:113129674-113164212","female"
"B1F_7_113151949","SINE","Alu","Up","7:113151950-113152086","Far1os-203","7:113129674-113164218","female"
"B1F_7_113151949","SINE","Alu","Up","7:113151950-113152086","Far1os-205","7:113129690-113164201","female"
"B1F_7_113151949","SINE","Alu","Up","7:113151950-113152086","Far1os-214","7:113129691-113164173","female"
"B1F_7_113151949","SINE","Alu","Up","7:113151950-113152086","Far1os-215","7:113129691-113164173","female"
"B1F_7_113151949","SINE","Alu","Up","7:113151950-113152086","Far1os-211","7:113129691-113164183","female"
"B1F_7_113151949","SINE","Alu","Up","7:113151950-113152086","Far1os-212","7:113129691-113164183","female"
"B1F_7_113151949","SINE","Alu","Up","7:113151950-113152086","Far1os-210","7:113129691-113164185","female"
"B1F_7_113151949","SINE","Alu","Up","7:113151950-113152086","Far1os-209","7:113129691-113164189","female"
"B1F_7_113151949","SINE","Alu","Up","7:113151950-113152086","Far1os-208","7:113129691-113164193","female"
"B1F_7_113151949","SINE","Alu","Up","7:113151950-113152086","Far1os-206","7:113129691-113164194","female"
"B1F_7_113151949","SINE","Alu","Up","7:113151950-113152086","Far1os-207","7:113129691-113164194","female"
"B1F_7_113151949","SINE","Alu","Up","7:113151950-113152086","Far1os-213","7:113129694-113164185","female"
"B1F_7_113151949","SINE","Alu","Up","7:113151950-113152086","Far1os-216","7:113129694-113164201","female"
"B1F_7_113151949","SINE","Alu","Up","7:113151950-113152086","Far1os-202","7:113129696-113155557","female"
"B1F_7_113151949","SINE","Alu","Up","7:113151950-113152086","Far1os-201","7:113137233-113164194","female"
"B1F_7_113151949","SINE","Alu","Up","7:113151950-113152086","Far1os-217","7:113143480-113164180","female"
"B1F_7_113151949","SINE","Alu","Up","7:113151950-113152086","Far1os-218","7:113146507-113164173","female"
"B1F_X_102520980","SINE","Alu","Up","X:102520981-102521087","Tsix-201","X:102475123-102528563","female"
"B1F_X_102520980","SINE","Alu","Up","X:102520981-102521087","Tsix-203","X:102481473-102533554","female"
"B1F_X_102520980","SINE","Alu","Up","X:102520981-102521087","Tsix-204","X:102491324-102533557","female"
"B1F_X_102520980","SINE","Alu","Up","X:102520981-102521087","Tsix-202","X:102491328-102526012","female"
"B1F_X_102520980","SINE","Alu","Up","X:102520981-102521087","Tsix-205","X:102491721-102533553","female"
"B1F_X_102520980","SINE","Alu","Up","X:102520981-102521087","Xist-201","X:102503972-102526860","female"
"B1_Mur3_1_9684219","SINE","Alu","Up","1:9684220-9684352","2610203C22Rik-206","1:9568995-9701385","female"
"B1_Mur3_1_9684219","SINE","Alu","Up","1:9684220-9684352","2610203C22Rik-201","1:9630561-9701618","female"
"B1_Mur3_1_9684219","SINE","Alu","Up","1:9684220-9684352","2610203C22Rik-207","1:9631684-9701530","female"
"B1_Mur3_1_9684219","SINE","Alu","Up","1:9684220-9684352","2610203C22Rik-202","1:9633713-9701416","female"
"B1_Mur3_1_9684219","SINE","Alu","Up","1:9684220-9684352","2610203C22Rik-209","1:9633714-9701386","female"
"B1_Mur3_1_9684219","SINE","Alu","Up","1:9684220-9684352","2610203C22Rik-208","1:9633714-9701409","female"
"B1_Mur3_1_9684219","SINE","Alu","Up","1:9684220-9684352","2610203C22Rik-210","1:9633716-9701367","female"
"B1_Mur3_1_9684219","SINE","Alu","Up","1:9684220-9684352","2610203C22Rik-204","1:9670638-9701369","female"
"B1_Mur3_1_9684219","SINE","Alu","Up","1:9684220-9684352","2610203C22Rik-205","1:9671238-9701416","female"
"B1_Mur3_1_9684219","SINE","Alu","Up","1:9684220-9684352","2610203C22Rik-222","1:9671245-9697931","female"
"B1_Mur3_1_9684219","SINE","Alu","Up","1:9684220-9684352","2610203C22Rik-221","1:9671245-9697950","female"
"B1_Mur3_1_9684219","SINE","Alu","Up","1:9684220-9684352","2610203C22Rik-218","1:9671245-9701409","female"
"B1_Mur3_1_9684219","SINE","Alu","Up","1:9684220-9684352","2610203C22Rik-217","1:9671245-9707225","female"
"B1_Mur3_1_9684219","SINE","Alu","Up","1:9684220-9684352","2610203C22Rik-220","1:9671247-9701392","female"
"B1_Mur3_1_9684219","SINE","Alu","Up","1:9684220-9684352","2610203C22Rik-219","1:9671247-9701395","female"
"B1_Mur3_1_9684219","SINE","Alu","Up","1:9684220-9684352","2610203C22Rik-203","1:9673660-9701389","female"
"B1_Mus1_3_34731841","SINE","Alu","Down","3:34731842-34731992","Sox2ot-224","3:34250980-34736919","female"
"B1_Mus1_3_34731841","SINE","Alu","Down","3:34731842-34731992","Sox2ot-225","3:34251077-34732142","female"
"B1_Mus1_3_34731841","SINE","Alu","Down","3:34731842-34731992","Sox2ot-227","3:34466182-34732144","female"
"B1_Mus1_3_34731841","SINE","Alu","Down","3:34731842-34731992","Sox2ot-226","3:34466182-34732146","female"
"B1_Mus1_3_34731841","SINE","Alu","Down","3:34731842-34731992","Sox2ot-208","3:34466182-34736768","female"
"B1_Mus1_3_34731841","SINE","Alu","Down","3:34731842-34731992","Sox2ot-229","3:34508383-34735099","female"
"B1_Mus1_3_34731841","SINE","Alu","Down","3:34731842-34731992","Sox2ot-234","3:34562642-34732144","female"
"B1_Mus1_3_34731841","SINE","Alu","Down","3:34731842-34731992","Sox2ot-233","3:34562642-34732146","female"
"B1_Mus1_3_34731841","SINE","Alu","Down","3:34731842-34731992","Sox2ot-217","3:34614314-34732146","female"
"B1_Mus1_3_34731841","SINE","Alu","Down","3:34731842-34731992","Sox2ot-222","3:34614324-34732144","female"
"B1_Mus1_3_34731841","SINE","Alu","Down","3:34731842-34731992","Sox2ot-223","3:34614515-34732140","female"
"B1_Mus1_3_34731841","SINE","Alu","Down","3:34731842-34731992","Sox2ot-210","3:34614530-34732144","female"
"B1_Mus1_3_34731841","SINE","Alu","Down","3:34731842-34731992","Sox2ot-306","3:34614559-34736919","female"
"B1_Mus1_3_34731841","SINE","Alu","Down","3:34731842-34731992","Sox2ot-238","3:34630957-34747814","female"
"B1_Mus1_3_34731841","SINE","Alu","Down","3:34731842-34731992","Sox2ot-248","3:34656446-34758556","female"
"B1_Mus1_3_34731841","SINE","Alu","Down","3:34731842-34731992","Sox2ot-250","3:34656467-34747074","female"
"B1_Mus1_3_34731841","SINE","Alu","Down","3:34731842-34731992","Sox2ot-252","3:34656511-34746996","female"
"B1_Mus1_3_34731841","SINE","Alu","Down","3:34731842-34731992","Sox2ot-205","3:34691318-34732142","female"
"B1_Mus1_3_34731841","SINE","Alu","Down","3:34731842-34731992","Sox2ot-268","3:34691329-34732146","female"
"B1_Mus1_3_34731841","SINE","Alu","Down","3:34731842-34731992","Sox2ot-269","3:34692134-34732146","female"
"B1_Mus1_3_34731841","SINE","Alu","Down","3:34731842-34731992","Sox2ot-270","3:34692301-34732146","female"
"B1_Mus1_3_34731841","SINE","Alu","Down","3:34731842-34731992","Sox2ot-219","3:34692306-34732146","female"
"B1_Mus1_3_34731841","SINE","Alu","Down","3:34731842-34731992","Sox2ot-207","3:34692323-34732149","female"
"B1_Mus1_3_34731841","SINE","Alu","Down","3:34731842-34731992","Sox2ot-265","3:34692371-34735269","female"
"B1_Mus1_3_34731841","SINE","Alu","Down","3:34731842-34731992","Sox2ot-263","3:34692371-34736917","female"
"B1_Mus1_3_34731841","SINE","Alu","Down","3:34731842-34731992","Sox2ot-215","3:34692401-34735000","female"
"B1_Mus1_3_34731841","SINE","Alu","Down","3:34731842-34731992","Sox2ot-266","3:34692440-34735272","female"
"B1_Mus1_3_34731841","SINE","Alu","Down","3:34731842-34731992","Sox2ot-216","3:34692446-34735222","female"
"B1_Mus1_3_34731841","SINE","Alu","Down","3:34731842-34731992","Sox2ot-264","3:34692450-34736909","female"
"B1_Mus1_3_34731841","SINE","Alu","Down","3:34731842-34731992","Sox2ot-267","3:34692484-34735222","female"
"B1_Mus1_3_34731841","SINE","Alu","Down","3:34731842-34731992","Sox2ot-245","3:34692507-34789489","female"
"B1_Mus1_3_34731841","SINE","Alu","Down","3:34731842-34731992","Sox2ot-275","3:34707057-34732164","female"
"B1_Mus1_3_34731841","SINE","Alu","Down","3:34731842-34731992","Sox2ot-274","3:34707211-34735099","female"
"B1_Mus1_3_34731841","SINE","Alu","Down","3:34731842-34731992","Sox2ot-213","3:34710185-34732143","female"
"B1_Mus1_3_34731841","SINE","Alu","Down","3:34731842-34731992","Sox2ot-209","3:34719392-34732144","female"
"B1_Mus1_3_34731841","SINE","Alu","Down","3:34731842-34731992","Sox2ot-283","3:34723157-34732140","female"
"B2_Mm2_11_87015106","SINE","B2","Down","11:87015107-87015282","Gm11491-202","11:87012370-87017851","female"
"B2_Mm2_11_87015106","SINE","B2","Down","11:87015107-87015282","Gm11491-203","11:87012370-87017854","female"
"B2_Mm2_11_87015106","SINE","B2","Down","11:87015107-87015282","Gm11491-201","11:87012393-87017731","female"
"B2_Mm2_11_87015106","SINE","B2","Down","11:87015107-87015282","Gm11491-204","11:87014370-87017846","female"
"B2_Mm2_11_87015106","SINE","B2","Down","11:87015107-87015282","Gm11491-205","11:87014385-87017827","female"
"B2_Mm2_11_87015106","SINE","B2","Down","11:87015107-87015282","Gm11491-206","11:87014389-87017793","female"
"B2_Mm2_11_87015106","SINE","B2","Down","11:87015107-87015282","Gm11491-208","11:87014393-87017736","female"
"B2_Mm2_11_87015106","SINE","B2","Down","11:87015107-87015282","Gm11491-207","11:87014396-87017774","female"
"B3A_15_81700374","SINE","B2","Up","15:81700375-81700484","Gm62928-201","15:81700361-81723228","female"
"B3_19_3915084","SINE","B2","Up","19:3915085-3915265","Gm50383-201","19:3913568-3917673","female"
"B3_4_42928288","SINE","B2","Up","4:42928289-42928498","Gm68316-201","4:42924187-42933815","female"
"B3_7_73388095","SINE","B2","Up","7:73388096-73388258","Gm74159-201","7:73355527-73390048","female"
"B3_7_73388095","SINE","B2","Up","7:73388096-73388258","A830073O21Rik-202","7:73387677-73390772","female"
"B4_12_70305119","SINE","B4","Up","12:70305120-70305429","Gm48747-201","12:70297939-70322371","female"
"B4_1_9684752","SINE","B4","Up","1:9684753-9685028","2610203C22Rik-206","1:9568995-9701385","female"
"B4_1_9684752","SINE","B4","Up","1:9684753-9685028","2610203C22Rik-201","1:9630561-9701618","female"
"B4_1_9684752","SINE","B4","Up","1:9684753-9685028","2610203C22Rik-207","1:9631684-9701530","female"
"B4_1_9684752","SINE","B4","Up","1:9684753-9685028","2610203C22Rik-202","1:9633713-9701416","female"
"B4_1_9684752","SINE","B4","Up","1:9684753-9685028","2610203C22Rik-209","1:9633714-9701386","female"
"B4_1_9684752","SINE","B4","Up","1:9684753-9685028","2610203C22Rik-208","1:9633714-9701409","female"
"B4_1_9684752","SINE","B4","Up","1:9684753-9685028","2610203C22Rik-210","1:9633716-9701367","female"
"B4_1_9684752","SINE","B4","Up","1:9684753-9685028","2610203C22Rik-204","1:9670638-9701369","female"
"B4_1_9684752","SINE","B4","Up","1:9684753-9685028","2610203C22Rik-205","1:9671238-9701416","female"
"B4_1_9684752","SINE","B4","Up","1:9684753-9685028","2610203C22Rik-222","1:9671245-9697931","female"
"B4_1_9684752","SINE","B4","Up","1:9684753-9685028","2610203C22Rik-221","1:9671245-9697950","female"
"B4_1_9684752","SINE","B4","Up","1:9684753-9685028","2610203C22Rik-218","1:9671245-9701409","female"
"B4_1_9684752","SINE","B4","Up","1:9684753-9685028","2610203C22Rik-217","1:9671245-9707225","female"
"B4_1_9684752","SINE","B4","Up","1:9684753-9685028","2610203C22Rik-220","1:9671247-9701392","female"
"B4_1_9684752","SINE","B4","Up","1:9684753-9685028","2610203C22Rik-219","1:9671247-9701395","female"
"B4_1_9684752","SINE","B4","Up","1:9684753-9685028","2610203C22Rik-203","1:9673660-9701389","female"
"B4_4_42930711","SINE","B4","Up","4:42930712-42930979","Gm68316-201","4:42924187-42933815","female"
"BC1_Mm_16_33590862","scRNA","scRNA","Down","16:33590863-33590968","Gm15657-210","16:33590790-33593398","female"
"BC1_Mm_16_33590862","scRNA","scRNA","Down","16:33590863-33590968","Gm15657-212","16:33590794-33593354","female"
"BC1_Mm_16_33590862","scRNA","scRNA","Down","16:33590863-33590968","Gm15657-211","16:33590794-33593388","female"
"BC1_Mm_16_33590862","scRNA","scRNA","Down","16:33590863-33590968","Gm15657-201","16:33590794-33607482","female"
"BC1_Mm_16_33590862","scRNA","scRNA","Down","16:33590863-33590968","Gm15657-208","16:33590794-33607489","female"
"BC1_Mm_16_33590862","scRNA","scRNA","Down","16:33590863-33590968","Gm15657-207","16:33590794-33614807","female"
"BC1_Mm_16_33590862","scRNA","scRNA","Down","16:33590863-33590968","Gm15657-206","16:33590794-33614808","female"
"IAPEz-int_11_116281874","LTR","ERVK","Down","11:116281875-116285143","Gm74436-201","11:116280355-116285483","female"
"IAPEz-int_11_116281874","LTR","ERVK","Down","11:116281875-116285143","Gm74436-202","11:116280451-116285481","female"
"IAPEz-int_5_142991945","LTR","ERVK","Down","5:142991946-142994872","Gm73718-201","5:142990558-142995177","female"
"ID4_X_102521297","SINE","ID","Up","X:102521298-102521374","Tsix-201","X:102475123-102528563","female"
"ID4_X_102521297","SINE","ID","Up","X:102521298-102521374","Tsix-203","X:102481473-102533554","female"
"ID4_X_102521297","SINE","ID","Up","X:102521298-102521374","Tsix-204","X:102491324-102533557","female"
"ID4_X_102521297","SINE","ID","Up","X:102521298-102521374","Tsix-202","X:102491328-102526012","female"
"ID4_X_102521297","SINE","ID","Up","X:102521298-102521374","Tsix-205","X:102491721-102533553","female"
"ID4_X_102521297","SINE","ID","Up","X:102521298-102521374","Xist-201","X:102503972-102526860","female"
"ID_B1_3_34731187","SINE","B4","Down","3:34731188-34731266","Sox2ot-224","3:34250980-34736919","female"
"ID_B1_3_34731187","SINE","B4","Down","3:34731188-34731266","Sox2ot-225","3:34251077-34732142","female"
"ID_B1_3_34731187","SINE","B4","Down","3:34731188-34731266","Sox2ot-227","3:34466182-34732144","female"
"ID_B1_3_34731187","SINE","B4","Down","3:34731188-34731266","Sox2ot-226","3:34466182-34732146","female"
"ID_B1_3_34731187","SINE","B4","Down","3:34731188-34731266","Sox2ot-208","3:34466182-34736768","female"
"ID_B1_3_34731187","SINE","B4","Down","3:34731188-34731266","Sox2ot-229","3:34508383-34735099","female"
"ID_B1_3_34731187","SINE","B4","Down","3:34731188-34731266","Sox2ot-234","3:34562642-34732144","female"
"ID_B1_3_34731187","SINE","B4","Down","3:34731188-34731266","Sox2ot-233","3:34562642-34732146","female"
"ID_B1_3_34731187","SINE","B4","Down","3:34731188-34731266","Sox2ot-217","3:34614314-34732146","female"
"ID_B1_3_34731187","SINE","B4","Down","3:34731188-34731266","Sox2ot-222","3:34614324-34732144","female"
"ID_B1_3_34731187","SINE","B4","Down","3:34731188-34731266","Sox2ot-223","3:34614515-34732140","female"
"ID_B1_3_34731187","SINE","B4","Down","3:34731188-34731266","Sox2ot-210","3:34614530-34732144","female"
"ID_B1_3_34731187","SINE","B4","Down","3:34731188-34731266","Sox2ot-306","3:34614559-34736919","female"
"ID_B1_3_34731187","SINE","B4","Down","3:34731188-34731266","Sox2ot-238","3:34630957-34747814","female"
"ID_B1_3_34731187","SINE","B4","Down","3:34731188-34731266","Sox2ot-248","3:34656446-34758556","female"
"ID_B1_3_34731187","SINE","B4","Down","3:34731188-34731266","Sox2ot-250","3:34656467-34747074","female"
"ID_B1_3_34731187","SINE","B4","Down","3:34731188-34731266","Sox2ot-252","3:34656511-34746996","female"
"ID_B1_3_34731187","SINE","B4","Down","3:34731188-34731266","Sox2ot-205","3:34691318-34732142","female"
"ID_B1_3_34731187","SINE","B4","Down","3:34731188-34731266","Sox2ot-268","3:34691329-34732146","female"
"ID_B1_3_34731187","SINE","B4","Down","3:34731188-34731266","Sox2ot-269","3:34692134-34732146","female"
"ID_B1_3_34731187","SINE","B4","Down","3:34731188-34731266","Sox2ot-270","3:34692301-34732146","female"
"ID_B1_3_34731187","SINE","B4","Down","3:34731188-34731266","Sox2ot-219","3:34692306-34732146","female"
"ID_B1_3_34731187","SINE","B4","Down","3:34731188-34731266","Sox2ot-207","3:34692323-34732149","female"
"ID_B1_3_34731187","SINE","B4","Down","3:34731188-34731266","Sox2ot-265","3:34692371-34735269","female"
"ID_B1_3_34731187","SINE","B4","Down","3:34731188-34731266","Sox2ot-263","3:34692371-34736917","female"
"ID_B1_3_34731187","SINE","B4","Down","3:34731188-34731266","Sox2ot-215","3:34692401-34735000","female"
"ID_B1_3_34731187","SINE","B4","Down","3:34731188-34731266","Sox2ot-266","3:34692440-34735272","female"
"ID_B1_3_34731187","SINE","B4","Down","3:34731188-34731266","Sox2ot-216","3:34692446-34735222","female"
"ID_B1_3_34731187","SINE","B4","Down","3:34731188-34731266","Sox2ot-264","3:34692450-34736909","female"
"ID_B1_3_34731187","SINE","B4","Down","3:34731188-34731266","Sox2ot-267","3:34692484-34735222","female"
"ID_B1_3_34731187","SINE","B4","Down","3:34731188-34731266","Sox2ot-245","3:34692507-34789489","female"
"ID_B1_3_34731187","SINE","B4","Down","3:34731188-34731266","Sox2ot-275","3:34707057-34732164","female"
"ID_B1_3_34731187","SINE","B4","Down","3:34731188-34731266","Sox2ot-274","3:34707211-34735099","female"
"ID_B1_3_34731187","SINE","B4","Down","3:34731188-34731266","Sox2ot-213","3:34710185-34732143","female"
"ID_B1_3_34731187","SINE","B4","Down","3:34731188-34731266","Sox2ot-209","3:34719392-34732144","female"
"ID_B1_3_34731187","SINE","B4","Down","3:34731188-34731266","Sox2ot-283","3:34723157-34732140","female"
"IMPB_01_2_66240349","Satellite","Satellite","Up","2:66240350-66240416","Gm13630-202","2:66239217-66241431","female"
"IMPB_01_2_66240349","Satellite","Satellite","Up","2:66240350-66240416","Gm13630-201","2:66239838-66251932","female"
"IMPB_01_2_66240349","Satellite","Satellite","Up","2:66240350-66240416","Gm13630-203","2:66240019-66241434","female"
"L1Lx_IV_6_128171896","LINE","L1","Up","6:128171897-128174504","Gm10010-207","6:128146667-128177575","female"
"L1Lx_IV_6_128171896","LINE","L1","Up","6:128171897-128174504","Gm10010-208","6:128149080-128177581","female"
"L1Lx_IV_6_128171896","LINE","L1","Up","6:128171897-128174504","Gm10010-201","6:128164781-128177621","female"
"L1Lx_IV_6_128171896","LINE","L1","Up","6:128171897-128174504","Gm10010-202","6:128165981-128177642","female"
"L1Lx_IV_6_128171896","LINE","L1","Up","6:128171897-128174504","Gm10010-204","6:128165981-128177653","female"
"L1Lx_IV_6_128171896","LINE","L1","Up","6:128171897-128174504","Gm10010-209","6:128165985-128177608","female"
"L1Lx_IV_6_128171896","LINE","L1","Up","6:128171897-128174504","Gm10010-206","6:128165985-128177609","female"
"L1Lx_IV_6_128171896","LINE","L1","Up","6:128171897-128174504","Gm10010-205","6:128165987-128177608","female"
"L1Lx_IV_6_128171896","LINE","L1","Up","6:128171897-128174504","Gm10010-211","6:128166436-128177608","female"
"L1Lx_IV_6_128171896","LINE","L1","Up","6:128171897-128174504","Gm10010-210","6:128166436-128177634","female"
"L1Lx_IV_6_128171896","LINE","L1","Up","6:128171897-128174504","Gm10010-221","6:128166437-128177548","female"
"L1Lx_IV_6_128171896","LINE","L1","Up","6:128171897-128174504","Gm10010-224","6:128166451-128177429","female"
"L1Lx_IV_6_128171896","LINE","L1","Up","6:128171897-128174504","Gm10010-223","6:128166453-128177545","female"
"L1Lx_IV_6_128171896","LINE","L1","Up","6:128171897-128174504","Gm10010-213","6:128166453-128177608","female"
"L1Lx_IV_6_128171896","LINE","L1","Up","6:128171897-128174504","Gm10010-212","6:128166453-128177613","female"
"L1Lx_IV_6_128171896","LINE","L1","Up","6:128171897-128174504","Gm10010-203","6:128166455-128177611","female"
"L1Lx_IV_6_128171896","LINE","L1","Up","6:128171897-128174504","Gm10010-214","6:128166460-128177609","female"
"L1Lx_IV_6_128171896","LINE","L1","Up","6:128171897-128174504","Gm10010-219","6:128166463-128177586","female"
"L1Lx_IV_6_128171896","LINE","L1","Up","6:128171897-128174504","Gm10010-220","6:128166463-128177586","female"
"L1Lx_IV_6_128171896","LINE","L1","Up","6:128171897-128174504","Gm10010-218","6:128166463-128177601","female"
"L1Lx_IV_6_128171896","LINE","L1","Up","6:128171897-128174504","Gm10010-215","6:128166463-128177608","female"
"L1Lx_IV_6_128171896","LINE","L1","Up","6:128171897-128174504","Gm10010-217","6:128166463-128177608","female"
"L1Lx_IV_6_128171896","LINE","L1","Up","6:128171897-128174504","Gm10010-216","6:128166463-128177611","female"
"L1Lx_IV_6_128171896","LINE","L1","Up","6:128171897-128174504","Gm10010-222","6:128166508-128177608","female"
"L1Lx_IV_6_128171896","LINE","L1","Up","6:128171897-128174504","Gm10010-225","6:128166905-128177543","female"
"L1Lx_I_9_8670462","LINE","L1","Up","9:8670463-8672923","Gm32014-204","9:8606522-8752220","female"
"L1Lx_I_9_8670462","LINE","L1","Up","9:8670463-8672923","Gm32014-202","9:8644074-8740989","female"
"L1M2_7_58908777","LINE","L1","Down","7:58908778-58909436","Gm44562-201","7:58908603-58909949","female"
"L1MDa_X_12908145","LINE","L1","Up","X:12908146-12908678","5730405O15Rik-201","X:12907989-12911536","female"
"L1MEi_9_120008378","LINE","L1","Down","9:120008379-120008641","Gm38642-201","9:120008104-120108237","female"
"L1MdMus_II_7_61586004","LINE","L1","Up","7:61586005-61587141","A330076H08Rik-204","7:61577515-61632219","female"
"L1MdMus_II_7_61586004","LINE","L1","Up","7:61586005-61587141","A330076H08Rik-203","7:61579885-61632106","female"
"L1MdV_III_4_42822443","LINE","L1","Up","4:42822444-42824687","4930578G10Rik-204","4:42734941-42846264","female"
"L1MdV_III_4_42822443","LINE","L1","Up","4:42822444-42824687","4930578G10Rik-213","4:42734974-42830364","female"
"L1MdV_III_4_42822443","LINE","L1","Up","4:42822444-42824687","4930578G10Rik-214","4:42734974-42830364","female"
"L1MdV_III_4_42822443","LINE","L1","Up","4:42822444-42824687","4930578G10Rik-205","4:42734981-42846264","female"
"L1MdV_III_4_42822443","LINE","L1","Up","4:42822444-42824687","4930578G10Rik-215","4:42734983-42830366","female"
"L1MdV_III_4_42822443","LINE","L1","Up","4:42822444-42824687","4930578G10Rik-203","4:42735001-42872626","female"
"L1MdV_III_4_42822443","LINE","L1","Up","4:42822444-42824687","4930578G10Rik-216","4:42735015-42830364","female"
"L1MdV_III_4_42822443","LINE","L1","Up","4:42822444-42824687","4930578G10Rik-206","4:42735540-42846264","female"
"L1MdV_III_4_42822443","LINE","L1","Up","4:42822444-42824687","4930578G10Rik-207","4:42735542-42846264","female"
"L1MdV_III_4_42822443","LINE","L1","Up","4:42822444-42824687","4930578G10Rik-218","4:42735547-42830358","female"
"L1MdV_III_4_42822443","LINE","L1","Up","4:42822444-42824687","4930578G10Rik-217","4:42735549-42830364","female"
"L1MdV_III_4_42822443","LINE","L1","Up","4:42822444-42824687","4930578G10Rik-208","4:42735553-42846264","female"
"L1MdV_III_4_42822443","LINE","L1","Up","4:42822444-42824687","4930578G10Rik-219","4:42735555-42830364","female"
"L1MdV_III_4_42822443","LINE","L1","Up","4:42822444-42824687","4930578G10Rik-209","4:42735562-42846264","female"
"L1MdV_III_4_42822443","LINE","L1","Up","4:42822444-42824687","4930578G10Rik-210","4:42735575-42846264","female"
"L1MdV_III_4_42822443","LINE","L1","Up","4:42822444-42824687","4930578G10Rik-220","4:42735586-42830358","female"
"L1MdV_III_4_42822443","LINE","L1","Up","4:42822444-42824687","4930578G10Rik-201","4:42735912-42846248","female"
"L2_6_113262060","LINE","L2","Up","6:113262061-113262525","Gm15492-202","6:113258122-113303716","female"
"L2_6_113264223","LINE","L2","Up","6:113264224-113264710","Gm15492-202","6:113258122-113303716","female"
"L3b_5_14763662","LINE","CR1","Up","5:14763663-14763713","Gm26954-202","5:14746999-14773678","female"
"LSU-rRNA_Hsa_14_104953212","rRNA","rRNA","Down","14:104953213-104953514","D130009I18Rik-201","14:104850227-105154875","female"
"LSU-rRNA_Hsa_14_104953212","rRNA","rRNA","Down","14:104953213-104953514","D130009I18Rik-206","14:104876560-104968267","female"
"LSU-rRNA_Hsa_14_104953212","rRNA","rRNA","Down","14:104953213-104953514","D130009I18Rik-203","14:104876560-105105518","female"
"LSU-rRNA_Hsa_14_104953212","rRNA","rRNA","Down","14:104953213-104953514","D130009I18Rik-204","14:104876560-105152665","female"
"LSU-rRNA_Hsa_14_104953212","rRNA","rRNA","Down","14:104953213-104953514","D130009I18Rik-202","14:104876580-105204219","female"
"LSU-rRNA_Hsa_3_5925378","rRNA","rRNA","Down","3:5925379-5925882","Gm37350-202","3:5878473-5950421","female"
"LTR33_1_132528193","LTR","ERVL","Up","1:132528194-132528390","Gm71019-201","1:132514726-132533051","female"
"Lx5_4_42907826","LINE","L1","Up","4:42907827-42911558","Gm52697-201","4:42894661-42912882","female"
"Lx8_7_113154839","LINE","L1","Up","7:113154840-113155095","Far1os-204","7:113129674-113164212","female"
"Lx8_7_113154839","LINE","L1","Up","7:113154840-113155095","Far1os-203","7:113129674-113164218","female"
"Lx8_7_113154839","LINE","L1","Up","7:113154840-113155095","Far1os-205","7:113129690-113164201","female"
"Lx8_7_113154839","LINE","L1","Up","7:113154840-113155095","Far1os-214","7:113129691-113164173","female"
"Lx8_7_113154839","LINE","L1","Up","7:113154840-113155095","Far1os-215","7:113129691-113164173","female"
"Lx8_7_113154839","LINE","L1","Up","7:113154840-113155095","Far1os-211","7:113129691-113164183","female"
"Lx8_7_113154839","LINE","L1","Up","7:113154840-113155095","Far1os-212","7:113129691-113164183","female"
"Lx8_7_113154839","LINE","L1","Up","7:113154840-113155095","Far1os-210","7:113129691-113164185","female"
"Lx8_7_113154839","LINE","L1","Up","7:113154840-113155095","Far1os-209","7:113129691-113164189","female"
"Lx8_7_113154839","LINE","L1","Up","7:113154840-113155095","Far1os-208","7:113129691-113164193","female"
"Lx8_7_113154839","LINE","L1","Up","7:113154840-113155095","Far1os-206","7:113129691-113164194","female"
"Lx8_7_113154839","LINE","L1","Up","7:113154840-113155095","Far1os-207","7:113129691-113164194","female"
"Lx8_7_113154839","LINE","L1","Up","7:113154840-113155095","Far1os-213","7:113129694-113164185","female"
"Lx8_7_113154839","LINE","L1","Up","7:113154840-113155095","Far1os-216","7:113129694-113164201","female"
"Lx8_7_113154839","LINE","L1","Up","7:113154840-113155095","Far1os-202","7:113129696-113155557","female"
"Lx8_7_113154839","LINE","L1","Up","7:113154840-113155095","Far1os-201","7:113137233-113164194","female"
"Lx8_7_113154839","LINE","L1","Up","7:113154840-113155095","Far1os-217","7:113143480-113164180","female"
"Lx8_7_113154839","LINE","L1","Up","7:113154840-113155095","Far1os-218","7:113146507-113164173","female"
"Lx8_7_113154839","LINE","L1","Up","7:113154840-113155095","Far1os-219","7:113154085-113164185","female"
"MER58A_19_10402151","DNA","hAT-Charlie","Up","19:10402152-10402380","Gm59152-201","19:10399173-10410691","female"
"MERVL_2A-int_7_25242969","LTR","ERVL","Up","7:25242970-25247535","4732471J01Rik-206","7:25076203-25274499","female"
"MERVL_2A-int_7_25242969","LTR","ERVL","Up","7:25242970-25247535","4732471J01Rik-207","7:25076207-25274503","female"
"MERVL_2A-int_7_25242969","LTR","ERVL","Up","7:25242970-25247535","4732471J01Rik-210","7:25076225-25274499","female"
"MERVL_2A-int_7_25242969","LTR","ERVL","Up","7:25242970-25247535","4732471J01Rik-208","7:25076225-25274503","female"
"MERVL_2A-int_7_25242969","LTR","ERVL","Up","7:25242970-25247535","4732471J01Rik-209","7:25076227-25274503","female"
"MERVL_2A-int_7_25242969","LTR","ERVL","Up","7:25242970-25247535","4732471J01Rik-203","7:25094839-25265842","female"
"MERVL_2A-int_7_25242969","LTR","ERVL","Up","7:25242970-25247535","4732471J01Rik-205","7:25095889-25274499","female"
"MERVL_2A-int_7_25242969","LTR","ERVL","Up","7:25242970-25247535","4732471J01Rik-211","7:25098256-25265379","female"
"MIR3_19_10408740","SINE","MIR","Up","19:10408741-10408871","Gm59152-201","19:10399173-10410691","female"
"MIRb_19_10402681","SINE","MIR","Up","19:10402682-10402825","Gm59152-201","19:10399173-10410691","female"
"MLT1D_12_70309026","LTR","ERVL-MaLR","Up","12:70309027-70309484","Gm48747-201","12:70297939-70322371","female"
"MMERVK10C-int_3_40833130","LTR","ERVK","Up","3:40833131-40836156","6430590A07Rik-203","3:40817683-40848475","female"
"MMERVK10C-int_3_40836552","LTR","ERVK","Up","3:40836553-40841092","6430590A07Rik-203","3:40817683-40848475","female"
"MMERVK10D3_I_12_87197069","LTR","ERVK","Up","12:87197070-87200554","Gm6566-201","12:87196249-87202260","female"
"MMERVK10D3_I_12_87197069","LTR","ERVK","Up","12:87197070-87200554","Gm6566-203","12:87196254-87205079","female"
"MMERVK10D3_I_12_87197069","LTR","ERVK","Up","12:87197070-87200554","Gm6566-202","12:87196817-87205840","female"
"MT2B1_10_39526215","LTR","ERVL","Up","10:39526216-39526727","E130307A14Rik-215","10:39497408-39607934","female"
"MT2B1_10_39526215","LTR","ERVL","Up","10:39526216-39526727","E130307A14Rik-230","10:39497408-39607979","female"
"MT2B1_10_39526215","LTR","ERVL","Up","10:39526216-39526727","E130307A14Rik-202","10:39497408-39607998","female"
"MT2B1_10_39526215","LTR","ERVL","Up","10:39526216-39526727","E130307A14Rik-224","10:39497408-39607999","female"
"MT2B1_10_39526215","LTR","ERVL","Up","10:39526216-39526727","E130307A14Rik-227","10:39497408-39608000","female"
"MT2B1_10_39526215","LTR","ERVL","Up","10:39526216-39526727","E130307A14Rik-229","10:39497408-39608000","female"
"MT2B1_10_39526215","LTR","ERVL","Up","10:39526216-39526727","E130307A14Rik-205","10:39497408-39608001","female"
"MT2B1_10_39526215","LTR","ERVL","Up","10:39526216-39526727","E130307A14Rik-225","10:39497408-39608002","female"
"MT2B1_10_39526215","LTR","ERVL","Up","10:39526216-39526727","E130307A14Rik-201","10:39497408-39608003","female"
"MT2B1_10_39526215","LTR","ERVL","Up","10:39526216-39526727","E130307A14Rik-218","10:39497408-39608008","female"
"MT2B1_10_39526215","LTR","ERVL","Up","10:39526216-39526727","E130307A14Rik-204","10:39497408-39608012","female"
"MT2B1_10_39526215","LTR","ERVL","Up","10:39526216-39526727","E130307A14Rik-226","10:39497408-39608015","female"
"MT2B1_10_39526215","LTR","ERVL","Up","10:39526216-39526727","E130307A14Rik-210","10:39497408-39608024","female"
"MT2B1_10_39526215","LTR","ERVL","Up","10:39526216-39526727","E130307A14Rik-228","10:39497410-39607845","female"
"MT2B1_10_39526215","LTR","ERVL","Up","10:39526216-39526727","E130307A14Rik-219","10:39497410-39607929","female"
"MT2B1_10_39526215","LTR","ERVL","Up","10:39526216-39526727","E130307A14Rik-216","10:39497429-39607844","female"
"MT2B1_10_39526215","LTR","ERVL","Up","10:39526216-39526727","E130307A14Rik-208","10:39498127-39607978","female"
"MT2B1_10_39526215","LTR","ERVL","Up","10:39526216-39526727","E130307A14Rik-217","10:39498132-39530560","female"
"MT2B1_10_39526215","LTR","ERVL","Up","10:39526216-39526727","E130307A14Rik-221","10:39498563-39607873","female"
"MT2B1_10_39526215","LTR","ERVL","Up","10:39526216-39526727","E130307A14Rik-207","10:39498621-39607812","female"
"MT2B1_10_39526215","LTR","ERVL","Up","10:39526216-39526727","E130307A14Rik-212","10:39498972-39607775","female"
"MT2B1_10_39526215","LTR","ERVL","Up","10:39526216-39526727","E130307A14Rik-231","10:39506745-39608018","female"
"MT2B1_10_39526215","LTR","ERVL","Up","10:39526216-39526727","E130307A14Rik-223","10:39512609-39607877","female"
"MT2B1_10_39526215","LTR","ERVL","Up","10:39526216-39526727","E130307A14Rik-232","10:39512819-39607845","female"
"MT2B1_10_39526215","LTR","ERVL","Up","10:39526216-39526727","E130307A14Rik-234","10:39515470-39594411","female"
"MTC_17_36314318","LTR","ERVL-MaLR","Up","17:36314319-36314726","A930015D03Rik-202","17:36305345-36318903","female"
"MTC_17_36314318","LTR","ERVL-MaLR","Up","17:36314319-36314726","A930015D03Rik-201","17:36305345-36349335","female"
"MTC_17_36314318","LTR","ERVL-MaLR","Up","17:36314319-36314726","A930015D03Rik-206","17:36305390-36318899","female"
"MTC_17_36314318","LTR","ERVL-MaLR","Up","17:36314319-36314726","A930015D03Rik-205","17:36305390-36325082","female"
"MTC_17_36314318","LTR","ERVL-MaLR","Up","17:36314319-36314726","A930015D03Rik-204","17:36305396-36318884","female"
"MTC_17_36314318","LTR","ERVL-MaLR","Up","17:36314319-36314726","A930015D03Rik-208","17:36305396-36318884","female"
"MTC_17_36314318","LTR","ERVL-MaLR","Up","17:36314319-36314726","A930015D03Rik-207","17:36305396-36318885","female"
"MTC_17_36314318","LTR","ERVL-MaLR","Up","17:36314319-36314726","A930015D03Rik-203","17:36305396-36325082","female"
"MTC_17_36314318","LTR","ERVL-MaLR","Up","17:36314319-36314726","A930015D03Rik-209","17:36309263-36318319","female"
"MTE2a_3_118309596","LTR","ERVL-MaLR","Up","3:118309597-118309951","Gm26871-202","3:118223745-118310857","female"
"MTE2a_3_118309596","LTR","ERVL-MaLR","Up","3:118309597-118309951","Gm26871-210","3:118225065-118326865","female"
"MTE2a_3_118309596","LTR","ERVL-MaLR","Up","3:118309597-118309951","Gm26871-214","3:118225118-118310949","female"
"MTE2a_3_118309596","LTR","ERVL-MaLR","Up","3:118309597-118309951","Gm26871-209","3:118226993-118326855","female"
"MTE2a_3_118309596","LTR","ERVL-MaLR","Up","3:118309597-118309951","Gm26871-211","3:118227439-118326864","female"
"MTE2a_3_118309596","LTR","ERVL-MaLR","Up","3:118309597-118309951","Gm26871-216","3:118227549-118311638","female"
"MTE2a_3_118309596","LTR","ERVL-MaLR","Up","3:118309597-118309951","Gm26871-217","3:118227560-118310569","female"
"MTE2a_3_118309596","LTR","ERVL-MaLR","Up","3:118309597-118309951","Gm26871-208","3:118227560-118310961","female"
"MTE2a_3_118309596","LTR","ERVL-MaLR","Up","3:118309597-118309951","Gm26871-205","3:118227571-118310569","female"
"MTE2a_3_118309596","LTR","ERVL-MaLR","Up","3:118309597-118309951","Gm26871-212","3:118227579-118322490","female"
"MTE2a_3_118309596","LTR","ERVL-MaLR","Up","3:118309597-118309951","Gm26871-213","3:118227579-118322490","female"
"MTE2a_3_118309596","LTR","ERVL-MaLR","Up","3:118309597-118309951","Gm26871-204","3:118227615-118323671","female"
"MTE2a_3_118309596","LTR","ERVL-MaLR","Up","3:118309597-118309951","Gm26871-218","3:118247998-118313361","female"
"MTE2a_3_118309596","LTR","ERVL-MaLR","Up","3:118309597-118309951","Gm26871-230","3:118307787-118326860","female"
"MTE2b_13_15953569","LTR","ERVL-MaLR","Up","13:15953570-15954717","4933412O06Rik-232","13:15943574-15956491","female"
"MTE2b_13_15953569","LTR","ERVL-MaLR","Up","13:15953570-15954717","4933412O06Rik-218","13:15943574-16101255","female"
"MTE2b_13_15953569","LTR","ERVL-MaLR","Up","13:15953570-15954717","4933412O06Rik-217","13:15943574-16101277","female"
"MTE2b_13_15953569","LTR","ERVL-MaLR","Up","13:15953570-15954717","4933412O06Rik-216","13:15943619-16186596","female"
"MYSERV6-int_7_25260430","LTR","ERVK","Up","7:25260431-25263540","4732471J01Rik-206","7:25076203-25274499","female"
"MYSERV6-int_7_25260430","LTR","ERVK","Up","7:25260431-25263540","4732471J01Rik-207","7:25076207-25274503","female"
"MYSERV6-int_7_25260430","LTR","ERVK","Up","7:25260431-25263540","4732471J01Rik-210","7:25076225-25274499","female"
"MYSERV6-int_7_25260430","LTR","ERVK","Up","7:25260431-25263540","4732471J01Rik-208","7:25076225-25274503","female"
"MYSERV6-int_7_25260430","LTR","ERVK","Up","7:25260431-25263540","4732471J01Rik-209","7:25076227-25274503","female"
"MYSERV6-int_7_25260430","LTR","ERVK","Up","7:25260431-25263540","4732471J01Rik-203","7:25094839-25265842","female"
"MYSERV6-int_7_25260430","LTR","ERVK","Up","7:25260431-25263540","4732471J01Rik-205","7:25095889-25274499","female"
"MYSERV6-int_7_25260430","LTR","ERVK","Up","7:25260431-25263540","4732471J01Rik-211","7:25098256-25265379","female"
"MYSERV6-int_7_25260430","LTR","ERVK","Up","7:25260431-25263540","4732471J01Rik-226","7:25258695-25265840","female"
"MamRTE1_11_59639412","LINE","RTE-BovB","Up","11:59639413-59639579","Gm71996-201","11:59636592-59640920","female"
"MurSatRep1_8_130007236","Unknown","Unknown","Up","8:130007237-130010443","Gm32856-206","8:129989911-130011597","female"
"ORR1A2_17_8533501","LTR","ERVL-MaLR","Up","17:8533502-8533816","Gm49987-201","17:8529941-8615684","female"
"ORR1D1_4_42928905","LTR","ERVL-MaLR","Up","4:42928906-42929235","Gm68316-201","4:42924187-42933815","female"
"ORR1D2_X_93684369","LTR","ERVL-MaLR","Down","X:93684370-93684733","Gm62093-205","X:93651709-93714625","female"
"ORR1D2_X_93684369","LTR","ERVL-MaLR","Down","X:93684370-93684733","Gm62093-204","X:93651711-93714639","female"
"ORR1D2_X_93684369","LTR","ERVL-MaLR","Down","X:93684370-93684733","Gm62093-201","X:93651711-93715131","female"
"ORR1D2_X_93684369","LTR","ERVL-MaLR","Down","X:93684370-93684733","Gm62093-202","X:93651711-93715131","female"
"ORR1D2_X_93684369","LTR","ERVL-MaLR","Down","X:93684370-93684733","Gm62093-203","X:93651711-93715131","female"
"PB1D10_2_119426937","SINE","Alu","Up","2:119426938-119427062","Oip5os1-201","2:119424396-119433694","female"
"PB1D10_2_119426937","SINE","Alu","Up","2:119426938-119427062","Oip5os1-213","2:119424401-119429029","female"
"PB1D10_2_119426937","SINE","Alu","Up","2:119426938-119427062","Oip5os1-202","2:119424401-119437983","female"
"PB1D10_2_119426937","SINE","Alu","Up","2:119426938-119427062","Oip5os1-240","2:119424772-119431227","female"
"PB1D10_2_119426937","SINE","Alu","Up","2:119426938-119427062","Oip5os1-214","2:119424781-119431227","female"
"PB1D10_2_119426937","SINE","Alu","Up","2:119426938-119427062","Oip5os1-253","2:119424782-119430595","female"
"PB1D10_2_119426937","SINE","Alu","Up","2:119426938-119427062","Oip5os1-252","2:119424782-119430599","female"
"PB1D10_2_119426937","SINE","Alu","Up","2:119426938-119427062","Oip5os1-208","2:119424782-119431932","female"
"PB1D10_2_119426937","SINE","Alu","Up","2:119426938-119427062","Oip5os1-220","2:119424783-119431932","female"
"PB1D10_2_119426937","SINE","Alu","Up","2:119426938-119427062","Oip5os1-204","2:119424784-119431227","female"
"PB1D10_2_119426937","SINE","Alu","Up","2:119426938-119427062","Oip5os1-205","2:119424789-119431435","female"
"PB1D10_2_119426937","SINE","Alu","Up","2:119426938-119427062","Oip5os1-211","2:119424790-119431932","female"
"PB1D10_2_119426937","SINE","Alu","Up","2:119426938-119427062","Oip5os1-210","2:119424795-119437978","female"
"PB1D10_2_119426937","SINE","Alu","Up","2:119426938-119427062","Oip5os1-206","2:119424796-119431227","female"
"PB1D10_2_119426937","SINE","Alu","Up","2:119426938-119427062","Oip5os1-216","2:119424796-119437978","female"
"PB1D10_2_119426937","SINE","Alu","Up","2:119426938-119427062","Oip5os1-215","2:119424801-119427275","female"
"PB1D10_2_119426937","SINE","Alu","Up","2:119426938-119427062","Oip5os1-265","2:119424801-119428317","female"
"PB1D10_2_119426937","SINE","Alu","Up","2:119426938-119427062","Oip5os1-254","2:119424801-119430605","female"
"PB1D10_2_119426937","SINE","Alu","Up","2:119426938-119427062","Oip5os1-203","2:119424801-119431227","female"
"PB1D10_2_119426937","SINE","Alu","Up","2:119426938-119427062","Oip5os1-262","2:119424803-119430407","female"
"PB1D10_2_119426937","SINE","Alu","Up","2:119426938-119427062","Oip5os1-258","2:119424804-119430522","female"
"PB1D10_2_119426937","SINE","Alu","Up","2:119426938-119427062","Oip5os1-257","2:119424804-119430588","female"
"PB1D10_2_119426937","SINE","Alu","Up","2:119426938-119427062","Oip5os1-255","2:119424804-119430595","female"
"PB1D10_2_119426937","SINE","Alu","Up","2:119426938-119427062","Oip5os1-256","2:119424804-119430595","female"
"PB1D10_2_119426937","SINE","Alu","Up","2:119426938-119427062","Oip5os1-219","2:119424804-119430686","female"
"PB1D10_2_119426937","SINE","Alu","Up","2:119426938-119427062","Oip5os1-249","2:119424804-119430686","female"
"PB1D10_2_119426937","SINE","Alu","Up","2:119426938-119427062","Oip5os1-212","2:119424804-119431227","female"
"PB1D10_2_119426937","SINE","Alu","Up","2:119426938-119427062","Oip5os1-218","2:119424804-119431227","female"
"PB1D10_2_119426937","SINE","Alu","Up","2:119426938-119427062","Oip5os1-241","2:119424804-119431227","female"
"PB1D10_2_119426937","SINE","Alu","Up","2:119426938-119427062","Oip5os1-242","2:119424804-119431227","female"
"PB1D10_2_119426937","SINE","Alu","Up","2:119426938-119427062","Oip5os1-243","2:119424804-119431227","female"
"PB1D10_2_119426937","SINE","Alu","Up","2:119426938-119427062","Oip5os1-231","2:119424804-119436737","female"
"PB1D10_2_119426937","SINE","Alu","Up","2:119426938-119427062","Oip5os1-227","2:119424804-119436967","female"
"PB1D10_2_119426937","SINE","Alu","Up","2:119426938-119427062","Oip5os1-224","2:119424804-119437972","female"
"PB1D10_2_119426937","SINE","Alu","Up","2:119426938-119427062","Oip5os1-209","2:119424805-119427280","female"
"PB1D10_2_119426937","SINE","Alu","Up","2:119426938-119427062","Oip5os1-266","2:119424808-119428317","female"
"PB1D10_2_119426937","SINE","Alu","Up","2:119426938-119427062","Oip5os1-263","2:119424808-119430408","female"
"PB1D10_2_119426937","SINE","Alu","Up","2:119426938-119427062","Oip5os1-259","2:119424808-119430525","female"
"PB1D10_2_119426937","SINE","Alu","Up","2:119426938-119427062","Oip5os1-260","2:119424808-119430525","female"
"PB1D10_2_119426937","SINE","Alu","Up","2:119426938-119427062","Oip5os1-246","2:119424808-119431132","female"
"PB1D10_2_119426937","SINE","Alu","Up","2:119426938-119427062","Oip5os1-244","2:119424808-119431227","female"
"PB1D10_2_119426937","SINE","Alu","Up","2:119426938-119427062","Oip5os1-238","2:119424808-119434371","female"
"PB1D10_2_119426937","SINE","Alu","Up","2:119426938-119427062","Oip5os1-237","2:119424808-119435420","female"
"PB1D10_2_119426937","SINE","Alu","Up","2:119426938-119427062","Oip5os1-236","2:119424808-119436030","female"
"PB1D10_2_119426937","SINE","Alu","Up","2:119426938-119427062","Oip5os1-228","2:119424808-119436964","female"
"PB1D10_2_119426937","SINE","Alu","Up","2:119426938-119427062","Oip5os1-229","2:119424808-119436964","female"
"PB1D10_2_119426937","SINE","Alu","Up","2:119426938-119427062","Oip5os1-223","2:119424808-119437978","female"
"PB1D10_2_119426937","SINE","Alu","Up","2:119426938-119427062","Oip5os1-221","2:119424808-119437981","female"
"PB1D10_2_119426937","SINE","Alu","Up","2:119426938-119427062","Oip5os1-232","2:119424809-119436737","female"
"PB1D10_2_119426937","SINE","Alu","Up","2:119426938-119427062","Oip5os1-233","2:119424809-119436737","female"
"PB1D10_2_119426937","SINE","Alu","Up","2:119426938-119427062","Oip5os1-234","2:119424809-119436737","female"
"PB1D10_2_119426937","SINE","Alu","Up","2:119426938-119427062","Oip5os1-267","2:119424810-119427830","female"
"PB1D10_2_119426937","SINE","Alu","Up","2:119426938-119427062","Oip5os1-247","2:119424810-119431127","female"
"PB1D10_2_119426937","SINE","Alu","Up","2:119426938-119427062","Oip5os1-230","2:119424811-119436964","female"
"PB1D10_2_119426937","SINE","Alu","Up","2:119426938-119427062","Oip5os1-245","2:119424812-119431227","female"
"PB1D10_2_119426937","SINE","Alu","Up","2:119426938-119427062","Oip5os1-217","2:119424812-119436737","female"
"PB1D10_2_119426937","SINE","Alu","Up","2:119426938-119427062","Oip5os1-225","2:119424812-119437978","female"
"PB1D10_2_119426937","SINE","Alu","Up","2:119426938-119427062","Oip5os1-226","2:119424812-119437978","female"
"PB1D10_2_119426937","SINE","Alu","Up","2:119426938-119427062","Oip5os1-239","2:119424814-119434372","female"
"PB1D10_2_119426937","SINE","Alu","Up","2:119426938-119427062","Oip5os1-222","2:119424823-119436964","female"
"PB1D10_2_119426937","SINE","Alu","Up","2:119426938-119427062","Oip5os1-235","2:119424829-119436737","female"
"PB1D10_2_119426937","SINE","Alu","Up","2:119426938-119427062","Oip5os1-261","2:119424883-119430525","female"
"PB1D10_2_119426937","SINE","Alu","Up","2:119426938-119427062","Oip5os1-248","2:119425094-119431227","female"
"PB1D10_2_119426937","SINE","Alu","Up","2:119426938-119427062","Oip5os1-268","2:119425115-119427086","female"
"PB1D10_2_119426937","SINE","Alu","Up","2:119426938-119427062","Oip5os1-250","2:119425251-119431127","female"
"PB1D10_2_119426937","SINE","Alu","Up","2:119426938-119427062","Oip5os1-251","2:119425382-119431227","female"
"PB1D10_2_119426937","SINE","Alu","Up","2:119426938-119427062","Oip5os1-264","2:119425476-119430686","female"
"PB1D7_4_42930984","SINE","Alu","Up","4:42930985-42931136","Gm68316-201","4:42924187-42933815","female"
"RLTR10-int_9_110081598","LTR","ERVK","Up","9:110081599-110082594","Gm43622-201","9:110081194-110083212","female"
"RLTR26_7_61585016","LTR","ERVK","Up","7:61585017-61585433","A330076H08Rik-204","7:61577515-61632219","female"
"RLTR26_7_61585016","LTR","ERVK","Up","7:61585017-61585433","A330076H08Rik-203","7:61579885-61632106","female"
"RLTR28_10_111118101","LTR","ERVL","Up","10:111118102-111118594","Gm66134-202","10:111103361-111134498","female"
"RLTR28_10_111118101","LTR","ERVL","Up","10:111118102-111118594","Gm66134-203","10:111103365-111134240","female"
"RLTR28_10_111118101","LTR","ERVL","Up","10:111118102-111118594","Gm66134-201","10:111103365-111134891","female"
"RLTR28_10_111118101","LTR","ERVL","Up","10:111118102-111118594","Gm66134-204","10:111105784-111134229","female"
"RLTR4_MM-int_1_34466727","LTR","LTR","Up","1:34466728-34467997","Gm37233-202","1:34444160-34472371","female"
"RLTR4_MM-int_1_34466727","LTR","LTR","Up","1:34466728-34467997","Gm37233-201","1:34466083-34473403","female"
"RLTR4_MM-int_1_34468188","LTR","LTR","Up","1:34468189-34471934","Gm37233-202","1:34444160-34472371","female"
"RLTR4_MM-int_1_34468188","LTR","LTR","Up","1:34468189-34471934","Gm37233-201","1:34466083-34473403","female"
"RLTR4_MM-int_4_146588127","LTR","LTR","Up","4:146588128-146595710","1700095A21Rik-204","4:146567767-146631364","female"
"RLTR4_MM-int_4_146588127","LTR","LTR","Up","4:146588128-146595710","1700095A21Rik-205","4:146579615-146631329","female"
"RLTR4_MM-int_4_147303860","LTR","LTR","Up","4:147303861-147311430","ENSMUST00000354735","4:147272060-147343090","female"
"RLTR4_MM-int_5_43366024","LTR","LTR","Up","5:43366025-43373583","Gm7854-205","5:43306204-43375901","female"
"RLTR4_MM-int_5_43366024","LTR","LTR","Up","5:43366025-43373583","Gm7854-206","5:43309027-43376213","female"
"RLTR4_MM-int_5_43366024","LTR","LTR","Up","5:43366025-43373583","Gm7854-210","5:43309029-43375910","female"
"RLTR4_MM-int_5_43366024","LTR","LTR","Up","5:43366025-43373583","Gm7854-208","5:43309029-43375920","female"
"RLTR4_MM-int_5_43366024","LTR","LTR","Up","5:43366025-43373583","Gm7854-209","5:43309029-43375920","female"
"RLTR4_MM-int_5_43366024","LTR","LTR","Up","5:43366025-43373583","Gm7854-207","5:43309029-43375998","female"
"RLTR4_MM-int_5_43366024","LTR","LTR","Up","5:43366025-43373583","Gm7854-204","5:43309029-43392675","female"
"RLTR4_MM-int_5_43366024","LTR","LTR","Up","5:43366025-43373583","Gm7854-203","5:43309029-43392687","female"
"RLTR4_MM-int_5_43366024","LTR","LTR","Up","5:43366025-43373583","Gm7854-202","5:43309029-43392698","female"
"RLTR4_MM-int_5_43366024","LTR","LTR","Up","5:43366025-43373583","Gm7854-201","5:43309029-43392804","female"
"RLTR4_MM-int_5_43366024","LTR","LTR","Up","5:43366025-43373583","Gm7854-211","5:43309034-43375910","female"
"RLTR6_Mm_6_18847598","LTR","ERV1","Up","6:18847599-18848135","Gm67601-201","6:18842931-18848530","female"
"RLTR6_Mm_6_18847598","LTR","ERV1","Up","6:18847599-18848135","Gm20186-206","6:18842931-18848532","female"
"RLTR6_Mm_6_18847598","LTR","ERV1","Up","6:18847599-18848135","Gm20186-204","6:18842933-18848507","female"
"RLTR6_Mm_6_18847598","LTR","ERV1","Up","6:18847599-18848135","Gm20186-205","6:18845407-18848534","female"
"RLTR6_Mm_6_18847598","LTR","ERV1","Up","6:18847599-18848135","Gm20186-203","6:18845911-18848206","female"
"RMER10A_17_33031930","LTR","ERVL","Down","17:33031931-33032316","Gm26693-201","17:33029118-33040671","female"
"RMER12C_17_8561377","LTR","ERVK","Down","17:8561378-8561548","Gm49987-201","17:8529941-8615684","female"
"RMER13A_7_61585455","LTR","ERVK","Up","7:61585456-61585994","A330076H08Rik-204","7:61577515-61632219","female"
"RMER13A_7_61585455","LTR","ERVK","Up","7:61585456-61585994","A330076H08Rik-203","7:61579885-61632106","female"
"RMER17C_15_96179276","LTR","ERVK","Up","15:96179277-96179639","2610037D02Rik-209","15:96032698-96181404","female"
"RMER17C_15_96179276","LTR","ERVK","Up","15:96179277-96179639","2610037D02Rik-208","15:96032698-96181732","female"
"RMER17C_15_96179276","LTR","ERVK","Up","15:96179277-96179639","2610037D02Rik-201","15:96032700-96181489","female"
"RMER17C_15_96179276","LTR","ERVK","Up","15:96179277-96179639","2610037D02Rik-210","15:96034030-96181466","female"
"RMER17C_15_96179276","LTR","ERVK","Up","15:96179277-96179639","2610037D02Rik-207","15:96034030-96183965","female"
"RSINE1_17_36309911","SINE","B4","Up","17:36309912-36310057","A930015D03Rik-202","17:36305345-36318903","female"
"RSINE1_17_36309911","SINE","B4","Up","17:36309912-36310057","A930015D03Rik-201","17:36305345-36349335","female"
"RSINE1_17_36309911","SINE","B4","Up","17:36309912-36310057","A930015D03Rik-212","17:36305355-36311345","female"
"RSINE1_17_36309911","SINE","B4","Up","17:36309912-36310057","A930015D03Rik-206","17:36305390-36318899","female"
"RSINE1_17_36309911","SINE","B4","Up","17:36309912-36310057","A930015D03Rik-205","17:36305390-36325082","female"
"RSINE1_17_36309911","SINE","B4","Up","17:36309912-36310057","A930015D03Rik-204","17:36305396-36318884","female"
"RSINE1_17_36309911","SINE","B4","Up","17:36309912-36310057","A930015D03Rik-208","17:36305396-36318884","female"
"RSINE1_17_36309911","SINE","B4","Up","17:36309912-36310057","A930015D03Rik-207","17:36305396-36318885","female"
"RSINE1_17_36309911","SINE","B4","Up","17:36309912-36310057","A930015D03Rik-203","17:36305396-36325082","female"
"RSINE1_17_36309911","SINE","B4","Up","17:36309912-36310057","A930015D03Rik-209","17:36309263-36318319","female"
"URR1A_12_70308396","DNA","hAT-Charlie","Up","12:70308397-70308622","Gm48747-201","12:70297939-70322371","female"
"RLTR4_MM-int_4_146588127","LTR","LTR","Down","4:146588128-146595710","1700095A21Rik-204","4:146567767-146631364","male"
"RLTR4_MM-int_4_146588127","LTR","LTR","Down","4:146588128-146595710","1700095A21Rik-205","4:146579615-146631329","male"
